735;albania/kategoria-superiore;albania-kategoria-superiore;Kategoria Superiore;ALBANIA: Kategoria Superiore;2
2632;albania/supercup;albania-supercup;Supercup;ALBANIA: Supercup;2
2237;albania/national-cup;albania-national-cup;National cup;ALBANIA: National cup;2
4451;albania/division-1;albania-division-1;Division 1;ALBANIA: Division 1;2
4452;albania/division-1-promotion-round;albania-division-1-promotion-round;Division 1, Promotion Round;ALBANIA: Division 1, Promotion Round;2
4453;albania/division-1-relegation-round;albania-division-1-relegation-round;Division 1, Relegation Round;ALBANIA: Division 1, Relegation Round;2
4593;albania/division-1-playoffs;albania-division-1-playoffs;Division 1, Playoffs;ALBANIA: Division 1, Playoffs;2
1106;algeria/ligue-1;algeria-ligue-1;Ligue 1;ALGERIA: Ligue 1;3
1715;algeria/national-cup;algeria-national-cup;National cup;ALGERIA: National cup;3
3102;algeria/ligue-2;algeria-ligue-2;Ligue 2;ALGERIA: Ligue 2;3
3611;andorra/1a-divisio-championship-group;andorra-1a-divisio-championship-group;1a Divisio, Championship Group;ANDORRA: 1a Divisio, Championship Group;5
3612;andorra/1a-divisio-relegation-group;andorra-1a-divisio-relegation-group;1a Divisio, Relegation Group;ANDORRA: 1a Divisio, Relegation Group;5
3610;andorra/primera-divisio;andorra-primera-divisio;Primera Divisio;ANDORRA: Primera Divisio;5
3614;andorra/national-cup;andorra-national-cup;National cup;ANDORRA: National cup;5
3615;andorra/supercup;andorra-supercup;Supercup;ANDORRA: Supercup;5
3613;andorra/1a-divisio-relegation;andorra-1a-divisio-relegation;1a Divisio, Relegation;ANDORRA: 1a Divisio, Relegation;5
3042;angola/girabola;angola-girabola;Girabola;ANGOLA: Girabola;6
3043;angola/supercup;angola-supercup;Supercup;ANGOLA: Supercup;6
920;argentina/primera-division;argentina-primera-division;Primera Division;ARGENTINA: Primera Division;9
2706;argentina/supercup;argentina-supercup;Supercup;ARGENTINA: Supercup;9
1190;argentina/primera-b-nacional-promotion-playoffs;argentina-primera-b-nacional-promotion-playoffs;Primera B Nacional, Promotion PlayOffs;ARGENTINA: Primera B Nacional, Promotion PlayOffs;9
4259;argentina/primera-b-metropolitana-promotion-playoffs;argentina-primera-b-metropolitana-promotion-playoffs;Primera B Metropolitana, Promotion Playoffs;ARGENTINA: Primera B Metropolitana, Promotion Playoffs;9
4428;argentina/copa-de-la-superliga;argentina-copa-de-la-superliga;Copa de la Superliga;ARGENTINA: Copa de la Superliga;9
4466;burkina-faso/premier-league;burkina-faso-premier-league;Premier League;BURKINA FASO: Premier League;208
1117;argentina/national-cup;argentina-national-cup;National cup;ARGENTINA: National cup;9
4455;argentina/torneo-federal-a;argentina-torneo-federal-a;Torneo Federal A;ARGENTINA: Torneo Federal A;9
4457;argentina/primera-d-metropolitana-apertura;argentina-primera-d-metropolitana-apertura;Primera D Metropolitana, Apertura;ARGENTINA: Primera D Metropolitana, Apertura;9
1145;armenia/national-cup;armenia-national-cup;National Cup;ARMENIA: National Cup;10
1139;armenia/premier-league;armenia-premier-league;Premier League;ARMENIA: Premier League;10
1248;armenia/supercup;armenia-supercup;Supercup;ARMENIA: Supercup;10
1012;australia/aleague;australia-aleague;A-League;AUSTRALIA: A-League;12
2634;armenia/first-division;armenia-first-division;First division;ARMENIA: First division;10
3440;australia/wleague-women;australia-wleague-women;W-League - Women;AUSTRALIA: W-League - Women;12
2238;australia/aleague-final-rounds;australia-aleague-final-rounds;A-League, Final Rounds;AUSTRALIA: A-League, Final Rounds;12
3620;australia/wleague-final-rounds-women;australia-wleague-final-rounds-women;W-League, Final Rounds - Women;AUSTRALIA: W-League, Final Rounds - Women;12
1382;australia/brisbane-premier-league;australia-brisbane-premier-league;Brisbane Premier League;AUSTRALIA: Brisbane Premier League;12
3050;australia/npl-new-south-wales;australia-npl-new-south-wales;NPL New South Wales;AUSTRALIA: NPL New South Wales;12
1385;australia/queensland-premier-league;australia-queensland-premier-league;Queensland Premier League;AUSTRALIA: Queensland Premier League;12
2513;australia/brisbane-premier-league-playoff;australia-brisbane-premier-league-playoff;Brisbane Premier League, Playoff;AUSTRALIA: Brisbane Premier League, Playoff;12
3044;australia/npl-victoria;australia-npl-victoria;NPL Victoria;AUSTRALIA: NPL Victoria;12
3051;australia/npl-tasmania;australia-npl-tasmania;NPL Tasmania;AUSTRALIA: NPL Tasmania;12
3045;australia/npl-south-australia;australia-npl-south-australia;NPL South Australia;AUSTRALIA: NPL South Australia;12
3049;australia/npl-western-australia;australia-npl-western-australia;NPL Western Australia;AUSTRALIA: NPL Western Australia;12
2852;australia/national-premier-leagues-final-stages;australia-national-premier-leagues-final-stages;National Premier Leagues, Final Stages;AUSTRALIA: National Premier Leagues, Final Stages;12
3046;australia/npl-queensland;australia-npl-queensland;NPL Queensland;AUSTRALIA: NPL Queensland;12
3052;australia/npl-northern-nsw;australia-npl-northern-nsw;NPL Northern NSW;AUSTRALIA: NPL Northern NSW;12
3384;australia/ffa-cup;australia-ffa-cup;FFA Cup;AUSTRALIA: FFA Cup;12
3053;australia/npl-capital-territory;australia-npl-capital-territory;NPL Capital Territory;AUSTRALIA: NPL Capital Territory;12
62;austria/bundesliga;austria-bundesliga;Bundesliga;AUSTRIA: Bundesliga;13
3164;argentina/primera-b-metropolitana-apertura;argentina-primera-b-metropolitana-apertura;Primera B Metropolitana, Apertura;ARGENTINA: Primera B Metropolitana, Apertura;9
98;austria/2-liga;austria-2-liga;2. Liga;AUSTRIA: 2. Liga;13
3103;austria/regionalliga-mitte;austria-regionalliga-mitte;Regionalliga, Mitte;AUSTRIA: Regionalliga, Mitte;13
3105;austria/regionalliga-ost;austria-regionalliga-ost;Regionalliga, Ost;AUSTRIA: Regionalliga, Ost;13
3104;austria/regionalliga-salzburg;austria-regionalliga-salzburg;Regionalliga, Salzburg;AUSTRIA: Regionalliga, Salzburg;13
3113;austria/frauenliga-women;austria-frauenliga-women;Frauenliga - Women;AUSTRIA: Frauenliga - Women;13
4420;austria/bundesliga-championship-round;austria-bundesliga-championship-round;Bundesliga, Championship Round;AUSTRIA: Bundesliga, Championship Round;13
4281;austria/bundesliga-playoffs;austria-bundesliga-playoffs;Bundesliga, Playoffs;AUSTRIA: Bundesliga, Playoffs;13
4421;austria/bundesliga-relegation-round;austria-bundesliga-relegation-round;Bundesliga, Relegation Round;AUSTRIA: Bundesliga, Relegation Round;13
4625;austria/regionalliga-voralberg;austria-regionalliga-voralberg;Regionalliga, Voralberg;AUSTRIA: Regionalliga, Voralberg;13
1107;azerbaijan/premier-league;azerbaijan-premier-league;Premier League;AZERBAIJAN: Premier League;14
4624;austria/regionalliga-tirol;austria-regionalliga-tirol;Regionalliga, Tirol;AUSTRIA: Regionalliga, Tirol;13
1494;azerbaijan/national-cup;azerbaijan-national-cup;National Cup;AZERBAIJAN: National Cup;14
1098;bahrain/premier-league;bahrain-premier-league;Premier League;BAHRAIN: Premier League;16
3623;azerbaijan/first-division;azerbaijan-first-division;First Division;AZERBAIJAN: First Division;14
4588;bahrain/premier-league-playoffs;bahrain-premier-league-playoffs;Premier League, Playoffs;BAHRAIN: Premier League, Playoffs;16
3252;bahrain/supercup;bahrain-supercup;Supercup;BAHRAIN: Supercup;16
1381;bahrain/national-cup;bahrain-national-cup;National cup;BAHRAIN: National cup;16
3163;bangladesh/premier-league;bangladesh-premier-league;Premier League;BANGLADESH: Premier League;17
1688;belarus/supercup;belarus-supercup;Supercup;BELARUS: Supercup;19
749;belarus/premier-league;belarus-premier-league;Premier League;BELARUS: Premier League;19
773;belarus/national-cup;belarus-national-cup;National Cup;BELARUS: National Cup;19
3159;belarus/1-division;belarus-1-division;1. Division;BELARUS: 1. Division;19
63;belgium/first-division-a;belgium-first-division-a;First Division A;BELGIUM: First Division A;20
3121;belarus/premier-league-women;belarus-premier-league-women;Premier League - Women;BELARUS: Premier League - Women;19
1732;belgium/first-division-b-final-rounds;belgium-first-division-b-final-rounds;First Division B, Final Rounds;BELGIUM: First Division B, Final Rounds;20
813;belgium/supercup;belgium-supercup;Supercup;BELGIUM: Supercup;20
3360;belgium/first-division-b-closing;belgium-first-division-b-closing;First Division B, Closing;BELGIUM: First Division B, Closing;20
163;belgium/national-cup;belgium-national-cup;National cup;BELGIUM: National cup;20
753;belgium/first-division-b-opening;belgium-first-division-b-opening;First Division B, Opening;BELGIUM: First Division B, Opening;20
2241;belgium/first-division-a-championship-round;belgium-first-division-a-championship-round;First Division A, Championship Round;BELGIUM: First Division A, Championship Round;20
2242;belgium/first-division-a-europa-league-playoff;belgium-first-division-a-europa-league-playoff;First Division A, Europa League Playoff;BELGIUM: First Division A, Europa League Playoff;20
3482;belgium/pro-league-reserve-championship-group;belgium-pro-league-reserve-championship-group;Pro League reserve, Championship Group;BELGIUM: Pro League reserve, Championship Group;20
3211;belgium/pro-league-reserve;belgium-pro-league-reserve;Pro League reserve;BELGIUM: Pro League reserve;20
3483;belgium/pro-league-reserve-relegation-group;belgium-pro-league-reserve-relegation-group;Pro League reserve, Relegation Group;BELGIUM: Pro League reserve, Relegation Group;20
3566;belgium/first-division-b-relegation-group;belgium-first-division-b-relegation-group;First Division B, Relegation Group;BELGIUM: First Division B, Relegation Group;20
3361;belgium/first-amateur-division;belgium-first-amateur-division;First Amateur Division;BELGIUM: First Amateur Division;20
3627;belgium/first-amateur-division-promotion-group;belgium-first-amateur-division-promotion-group;First Amateur Division, Promotion Group;BELGIUM: First Amateur Division, Promotion Group;20
4447;belgium/super-league-relegation-round-women;belgium-super-league-relegation-round-women;Super League, Relegation Round - Women;BELGIUM: Super League, Relegation Round - Women;20
4446;belgium/super-league-championship-round-women;belgium-super-league-championship-round-women;Super League, Championship Round - Women;BELGIUM: Super League, Championship Round - Women;20
3628;belgium/super-league-women;belgium-super-league-women;Super League - Women;BELGIUM: Super League - Women;20
4461;belgium/second-amateur-division-vfv-a;belgium-second-amateur-division-vfv-a;Second Amateur Division, VFV A;BELGIUM: Second Amateur Division, VFV A;20
4460;belgium/second-amateur-division-acff;belgium-second-amateur-division-acff;Second Amateur Division, ACFF;BELGIUM: Second Amateur Division, ACFF;20
4462;belgium/second-amateur-division-vfv-b;belgium-second-amateur-division-vfv-b;Second Amateur Division, VFV B;BELGIUM: Second Amateur Division, VFV B;20
1210;bolivia/clausura;bolivia-clausura;Clausura;BOLIVIA: Clausura;25
1320;bolivia/apertura;bolivia-apertura;Apertura;BOLIVIA: Apertura;25
4463;benin/championat-national;benin-championat-national;Championat National;BENIN: Championat National;22
1038;bosnia-and-herzegovina/premier-liga;bosnia-and-herzegovina-premier-liga;Premier Liga;BOSNIA and HERZEGOVINA: Premier Liga;26
4464;bosnia-herzegovina/fbih;bosnia-herzegovina-fbih;FBiH;BOSNIA HERZEGOVINA: FBiH;26
1273;bosnia-and-herzegovina/national-cup;bosnia-and-herzegovina-national-cup;National Cup;BOSNIA and HERZEGOVINA: National Cup;26
4456;argentina/primera-c-metropolitana-apertura;argentina-primera-c-metropolitana-apertura;Primera C Metropolitana, Apertura;ARGENTINA: Primera C Metropolitana, Apertura;9
64;brasil/serie-a;brasil-serie-a;Serie A;BRASIL: Serie A;28
4467;botswana/premier-league;botswana-premier-league;Premier League;BOTSWANA: Premier League;27
3490;brasil/paraense;brasil-paraense;Paraense;BRASIL: Paraense;28
1332;brasil/paulista-a1;brasil-paulista-a1;Paulista A1;BRASIL: Paulista A1;28
2246;brasil/carioca-1;brasil-carioca-1;Carioca 1;BRASIL: Carioca 1;28
2248;brasil/gaucho-1;brasil-gaucho-1;Gaucho 1;BRASIL: Gaucho 1;28
2250;brasil/mineiro-1;brasil-mineiro-1;Mineiro 1;BRASIL: Mineiro 1;28
2254;brasil/paranaense-1-1st-phase;brasil-paranaense-1-1st-phase;Paranaense 1, 1st Phase;BRASIL: Paranaense 1, 1st Phase;28
2249;brasil/gaucho-1-final-stages;brasil-gaucho-1-final-stages;Gaucho 1, Final Stages;BRASIL: Gaucho 1, Final Stages;28
2255;brasil/pernambucano-1;brasil-pernambucano-1;Pernambucano 1;BRASIL: Pernambucano 1;28
2308;brasil/cearense-1-first-round;brasil-cearense-1-first-round;Cearense 1, First Round;BRASIL: Cearense 1, First Round;28
2252;brasil/baiano-1;brasil-baiano-1;Baiano 1;BRASIL: Baiano 1;28
2301;brasil/catarinense-1;brasil-catarinense-1;Catarinense 1;BRASIL: Catarinense 1;28
1146;argentina/primera-b-nacional;argentina-primera-b-nacional;Primera B Nacional;ARGENTINA: Primera B Nacional;9
2306;brasil/goiano-1;brasil-goiano-1;Goiano 1;BRASIL: Goiano 1;28
2244;brasil/paulista-a1-final-stages;brasil-paulista-a1-final-stages;Paulista A1, Final Stages;BRASIL: Paulista A1, Final Stages;28
3479;brasil/maranhense;brasil-maranhense;Maranhense;BRASIL: Maranhense;28
2247;brasil/carioca-1-final-stages;brasil-carioca-1-final-stages;Carioca 1, Final Stages;BRASIL: Carioca 1, Final Stages;28
2251;brasil/mineiro-1-final-stages;brasil-mineiro-1-final-stages;Mineiro 1, Final Stages;BRASIL: Mineiro 1, Final Stages;28
4398;brasil/taca-guanabara;brasil-taca-guanabara;Taca Guanabara;BRASIL: Taca Guanabara;28
2253;brasil/baiano-1-final-stages;brasil-baiano-1-final-stages;Baiano 1: Final Stages;BRASIL: Baiano 1: Final Stages;28
2256;brasil/pernambucano-1-final-stages;brasil-pernambucano-1-final-stages;Pernambucano 1, Final Stages;BRASIL: Pernambucano 1, Final Stages;28
2307;brasil/goiano-1-final-stages;brasil-goiano-1-final-stages;Goiano 1, Final Stages;BRASIL: Goiano 1, Final Stages;28
2303;brasil/catarinense-1-final-stages;brasil-catarinense-1-final-stages;Catarinense 1, Final Stages;BRASIL: Catarinense 1, Final Stages;28
2310;brasil/cearense-1-final-stages;brasil-cearense-1-final-stages;Cearense 1, Final Stages;BRASIL: Cearense 1, Final Stages;28
3444;brasil/potiguar;brasil-potiguar;Potiguar;BRASIL: Potiguar;28
3445;brasil/paraibano;brasil-paraibano;Paraibano;BRASIL: Paraibano;28
2536;brasil/paranaense-1-playoffs;brasil-paranaense-1-playoffs;Paranaense 1, Playoffs;BRASIL: Paranaense 1, Playoffs;28
3480;brasil/alagoano;brasil-alagoano;Alagoano;BRASIL: Alagoano;28
3492;brasil/sulmatogrossense;brasil-sulmatogrossense;Sul-Matogrossense;BRASIL: Sul-Matogrossense;28
3491;brasil/matogrossense;brasil-matogrossense;Matogrossense;BRASIL: Matogrossense;28
3489;brasil/capiaxaba;brasil-capiaxaba;Capiaxaba;BRASIL: Capiaxaba;28
788;brasil/national-cup;brasil-national-cup;National Cup;BRASIL: National Cup;28
3486;brasil/copa-de-nordeste;brasil-copa-de-nordeste;Copa de Nordeste;BRASIL: Copa de Nordeste;28
1194;brasil/serie-b;brasil-serie-b;Serie B;BRASIL: Serie B;28
3149;brasil/serie-c;brasil-serie-c;Serie C;BRASIL: Serie C;28
4441;brasil/copa-do-brasil-u20;brasil-copa-do-brasil-u20;Copa do Brasil U-20;BRASIL: Copa do Brasil U-20;28
4424;brasil/brasileiro-women;brasil-brasileiro-women;Brasileiro - Women;BRASIL: Brasileiro - Women;28
4067;brasil/serie-c-playoffs;brasil-serie-c-playoffs;Serie C, Playoffs;BRASIL: Serie C, Playoffs;28
4655;brasil/brasileiro-playoff-women;brasil-brasileiro-playoff-women;Brasileiro, Playoff - Women;BRASIL: Brasileiro, Playoff - Women;28
2309;brasil/cearense-1-second-round;brasil-cearense-1-second-round;Cearense 1, Second Round;BRASIL: Cearense 1, Second Round;28
4468;brasil/brasileiro-u20;brasil-brasileiro-u20;Brasileiro U-20;BRASIL: Brasileiro U-20;28
2257;bulgaria/a-pfg-relegation-group;bulgaria-a-pfg-relegation-group;A PFG, Relegation Group;BULGARIA: A PFG, Relegation Group;30
755;bulgaria/a-pfg;bulgaria-a-pfg;A PFG;BULGARIA: A PFG;30
826;bulgaria/supercup;bulgaria-supercup;Supercup;BULGARIA: Supercup;30
2851;bulgaria/a-pfg-championship-group;bulgaria-a-pfg-championship-group;A PFG, Championship Group;BULGARIA: A PFG, Championship Group;30
316;bulgaria/national-cup;bulgaria-national-cup;National Cup;BULGARIA: National Cup;30
4254;bulgaria/a-pfg-playoffs;bulgaria-a-pfg-playoffs;A PFG, Playoffs;BULGARIA: A PFG, Playoffs;30
4469;cambodia/cleague;cambodia-cleague;C-League;CAMBODIA: C-League;33
3106;bulgaria/b-pfg;bulgaria-b-pfg;B PFG;BULGARIA: B PFG;30
3629;cameroon/elite-one;cameroon-elite-one;Elite One;CAMEROON: Elite One;34
4425;canada/premier-league;canada-premier-league;Premier League;CANADA: Premier League;35
1375;canada/csl;canada-csl;CSL;CANADA: CSL;35
4654;canada/canadian-championship;canada-canadian-championship;Canadian Championship;CANADA: Canadian Championship;35
4615;canada/premier-league-fall-season;canada-premier-league-fall-season;Premier League, Fall Season;CANADA: Premier League, Fall Season;35
2258;canada/soccer-league-playoffs;canada-soccer-league-playoffs;Soccer League, Playoffs;CANADA: Soccer League, Playoffs;35
965;chile/primera-division;chile-primera-division;Primera Division;CHILE: Primera Division;40
3145;chile/primera-b;chile-primera-b;Primera B;CHILE: Primera B;40
50;china/super-league;china-super-league;Super League;CHINA: Super League;41
3132;chile/national-cup;chile-national-cup;National cup;CHILE: National cup;40
3509;china/supercup;china-supercup;Supercup;CHINA: Supercup;41
3146;china/league-1;china-league-1;League 1;CHINA: League 1;41
3358;china/fa-cup;china-fa-cup;FA Cup;CHINA: FA Cup;41
4426;china/league-2;china-league-2;League 2;CHINA: League 2;41
4621;colombia/torneo-aguila-clausura;colombia-torneo-aguila-clausura;Torneo Aguila, Clausura;COLOMBIA: Torneo Aguila, Clausura;43
4614;chinese-taipei/premier-league;chinese-taipei-premier-league;Premier League;CHINESE TAIPEI: Premier League;42
3310;colombia/supercup;colombia-supercup;Supercup;COLOMBIA: Supercup;43
3054;colombia/primera-b-apertura;colombia-primera-b-apertura;Primera B, Apertura;COLOMBIA: Primera B, Apertura;43
1047;colombia/apertura;colombia-apertura;Apertura;COLOMBIA: Apertura;43
1427;colombia/primera-division-final-stages;colombia-primera-division-final-stages;Primera Division, Final Stages;COLOMBIA: Primera Division, Final Stages;43
4589;colombia/primera-b-playoffs;colombia-primera-b-playoffs;Primera B, Playoffs;COLOMBIA: Primera B, Playoffs;43
1023;colombia/clausura;colombia-clausura;Clausura;COLOMBIA: Clausura;43
3065;colombia/national-cup;colombia-national-cup;National cup;COLOMBIA: National cup;43
4427;colombia/primera-b-clausura;colombia-primera-b-clausura;Primera B, Clausura;COLOMBIA: Primera B, Clausura;43
1045;costa-rica/apertura;costa-rica-apertura;Apertura;COSTA RICA: Apertura;47
1118;costa-rica/clausura;costa-rica-clausura;Clausura;COSTA RICA: Clausura;47
4471;cote-divore/ligue-1;cote-divore-ligue-1;Ligue 1;COTE DIVORE: Ligue 1;48
212;croatia/1-hnl;croatia-1-hnl;1 HNL;CROATIA: 1 HNL;49
2263;costa-rica/primera-division-final-stages;costa-rica-primera-division-final-stages;Primera Division, Final stages;COSTA RICA: Primera Division, Final stages;47
312;croatia/national-cup;croatia-national-cup;National cup;CROATIA: National cup;49
741;croatia/supercup;croatia-supercup;SuperCup;CROATIA: SuperCup;49
3147;croatia/2-hnl;croatia-2-hnl;2 HNL;CROATIA: 2 HNL;49
902;cyprus/1-division;cyprus-1-division;1. Division;CYPRUS: 1. Division;51
994;cyprus/national-cup;cyprus-national-cup;National Cup;CYPRUS: National Cup;51
2264;cyprus/1-division-championship-group;cyprus-1-division-championship-group;1. Division, Championship Group;CYPRUS: 1. Division, Championship Group;51
2266;cyprus/1-division-relegation-group;cyprus-1-division-relegation-group;1. Division, Relegation Group;CYPRUS: 1. Division, Relegation Group;51
1048;cyprus/supercup;cyprus-supercup;Supercup;CYPRUS: Supercup;51
3190;cyprus/2-division;cyprus-2-division;2. Division;CYPRUS: 2. Division;51
201;czech-republic/first-league;czech-republic-first-league;First League;CZECH REPUBLIC: First League;52
814;austria/national-cup;austria-national-cup;National cup;AUSTRIA: National cup;13
1046;czech-republic/fnl;czech-republic-fnl;FNL;CZECH REPUBLIC: FNL;52
301;czech-republic/national-cup;czech-republic-national-cup;National cup;CZECH REPUBLIC: National cup;52
3932;czech-republic/juniorska-liga-msfl;czech-republic-juniorska-liga-msfl;Juniorska Liga, MSFL;CZECH REPUBLIC: Juniorska Liga, MSFL;52
3116;czech-republic/1-liga-relegation-round-women;czech-republic-1-liga-relegation-round-women;1 Liga: Relegation Round - Women;CZECH REPUBLIC: 1 Liga: Relegation Round - Women;52
3114;czech-republic/1-liga-women;czech-republic-1-liga-women;1 Liga - Women;CZECH REPUBLIC: 1 Liga - Women;52
4209;czech-republic/juniorska-liga-relegation-round;czech-republic-juniorska-liga-relegation-round;Juniorska Liga, Relegation Round;CZECH REPUBLIC: Juniorska Liga, Relegation Round;52
3107;czech-republic/juniorska-liga-cfl;czech-republic-juniorska-liga-cfl;Juniorska Liga, CFL;CZECH REPUBLIC: Juniorska Liga, CFL;52
4208;czech-republic/juniorska-liga-championship-round;czech-republic-juniorska-liga-championship-round;Juniorska Liga, Championship round;CZECH REPUBLIC: Juniorska Liga, Championship round;52
4318;czech-republic/3-liga-msfl;czech-republic-3-liga-msfl;3. liga, MSFL;CZECH REPUBLIC: 3. liga, MSFL;52
4472;czech-republic/4-liga-group-a;czech-republic-4-liga-group-a;4. liga, Group A;CZECH REPUBLIC: 4. liga, Group A;52
4319;czech-republic/3-liga-cfl-a;czech-republic-3-liga-cfl-a;3. liga, CFL A;CZECH REPUBLIC: 3. liga, CFL A;52
4473;czech-republic/4-liga-group-b;czech-republic-4-liga-group-b;4. liga, Group B;CZECH REPUBLIC: 4. liga, Group B;52
4581;czech-republic/first-league-championship-round;czech-republic-first-league-championship-round;First League, Championship Round;CZECH REPUBLIC: First League, Championship Round;52
4474;czech-republic/4-liga-group-c;czech-republic-4-liga-group-c;4. liga, Group C;CZECH REPUBLIC: 4. liga, Group C;52
4582;czech-republic/first-league-relegation-round;czech-republic-first-league-relegation-round;First League, Relegation Round;CZECH REPUBLIC: First League, Relegation Round;52
4475;czech-republic/4-liga-group-d;czech-republic-4-liga-group-d;4. liga, Group D;CZECH REPUBLIC: 4. liga, Group D;52
4476;czech-republic/4-liga-group-e;czech-republic-4-liga-group-e;4. liga, Group E;CZECH REPUBLIC: 4. liga, Group E;52
4583;czech-republic/first-league-europa-league-playoffs;czech-republic-first-league-europa-league-playoffs;First League, Europa League Playoffs;CZECH REPUBLIC: First League, Europa League Playoffs;52
4602;czech-republic/4-liga-group-f;czech-republic-4-liga-group-f;4. liga, Group F;CZECH REPUBLIC: 4. liga, Group F;52
4628;czech-republic/3-liga-cfl-b;czech-republic-3-liga-cfl-b;3. liga, CFL B;CZECH REPUBLIC: 3. liga, CFL B;52
94;denmark/division-1;denmark-division-1;Division 1;DENMARK: Division 1;53
210;denmark/superliga;denmark-superliga;Superliga;DENMARK: Superliga;53
3118;denmark/elitedivisionen-championship-round-women;denmark-elitedivisionen-championship-round-women;Elitedivisionen, Championship Round - Women;DENMARK: Elitedivisionen, Championship Round - Women;53
816;denmark/national-cup;denmark-national-cup;National Cup;DENMARK: National Cup;53
3110;denmark/reserve-league-group-3;denmark-reserve-league-group-3;Reserve League, Group 3;DENMARK: Reserve League, Group 3;53
3109;denmark/division-2-group-1;denmark-division-2-group-1;Division 2, Group 1;DENMARK: Division 2, Group 1;53
3117;denmark/elitedivisionen-women;denmark-elitedivisionen-women;Elitedivisionen - Women;DENMARK: Elitedivisionen - Women;53
3318;denmark/division-2-promiotion-round;denmark-division-2-promiotion-round;Division 2, Promiotion round;DENMARK: Division 2, Promiotion round;53
4423;brasil/serie-d;brasil-serie-d;Serie D;BRASIL: Serie D;28
3182;denmark/division-2-group-2;denmark-division-2-group-2;Division 2, Group 2;DENMARK: Division 2, Group 2;53
3500;denmark/reserve-league-2nd-phase-group-stage;denmark-reserve-league-2nd-phase-group-stage;Reserve League, 2nd Phase, Group Stage;DENMARK: Reserve League, 2nd Phase, Group Stage;53
3184;denmark/reserve-league-group-2;denmark-reserve-league-group-2;Reserve League, Group 2;DENMARK: Reserve League, Group 2;53
3582;denmark/superliga-championship-round;denmark-superliga-championship-round;Superliga, Championship Round;DENMARK: Superliga, Championship Round;53
3185;denmark/reserve-league-group-1;denmark-reserve-league-group-1;Reserve League, Group 1;DENMARK: Reserve League, Group 1;53
3583;denmark/superliga-relegation-round;denmark-superliga-relegation-round;Superliga, Relegation Round;DENMARK: Superliga, Relegation Round;53
4260;denmark/superliga-playoffs;denmark-superliga-playoffs;Superliga, Playoffs;DENMARK: Superliga, Playoffs;53
3951;denmark/reserve-league-group-4;denmark-reserve-league-group-4;Reserve League, Group 4;DENMARK: Reserve League, Group 4;53
4448;denmark/elitedivisionen-relegation-women;denmark-elitedivisionen-relegation-women;Elitedivisionen, Relegation - Women;DENMARK: Elitedivisionen, Relegation - Women;53
4477;denmark/denmark-series-group-1;denmark-denmark-series-group-1;Denmark Series, Group 1;DENMARK: Denmark Series, Group 1;53
4478;denmark/denmark-series-group-2;denmark-denmark-series-group-2;Denmark Series, Group 2;DENMARK: Denmark Series, Group 2;53
4479;denmark/denmark-series-group-3;denmark-denmark-series-group-3;Denmark Series, Group 3;DENMARK: Denmark Series, Group 3;53
4480;denmark/denmark-series-group-4;denmark-denmark-series-group-4;Denmark Series, Group 4;DENMARK: Denmark Series, Group 4;53
4481;dominican-republic/ldf-apertura;dominican-republic-ldf-apertura;LDF, Apertura;DOMINICAN REPUBLIC: LDF, Apertura;56
4470;dr-congo/super-ligue;dr-congo-super-ligue;Super Ligue;DR CONGO: Super Ligue;45
4482;dominican-republic/ldf-clausura;dominican-republic-ldf-clausura;LDF, Clausura;DOMINICAN REPUBLIC: LDF, Clausura;56
4483;dominican-republic/ldf-final-rounds;dominican-republic-ldf-final-rounds;LDF, Final Rounds;DOMINICAN REPUBLIC: LDF, Final Rounds;56
4587;ecuador/national-cup;ecuador-national-cup;National cup;ECUADOR: National cup;57
1043;ecuador/serie-a;ecuador-serie-a;Serie A;ECUADOR: Serie A;57
1211;egypt/premier-league;egypt-premier-league;Premier League;EGYPT: Premier League;58
1304;egypt/national-cup;egypt-national-cup;National Cup;EGYPT: National Cup;58
1321;el-salvador/apertura;el-salvador-apertura;Apertura;EL SALVADOR: Apertura;59
1307;el-salvador/clausura;el-salvador-clausura;Clausura;EL SALVADOR: Clausura;59
15;england/premier-league;england-premier-league;Premier League;ENGLAND: Premier League;60
2269;el-salvador/final-stages;el-salvador-final-stages;Final Stages;EL SALVADOR: Final Stages;59
880;england/championship-playoffs;england-championship-playoffs;Championship, Playoffs;ENGLAND: Championship, Playoffs;60
115;england/fa-community-shield;england-fa-community-shield;FA Community Shield;ENGLAND: FA Community Shield;60
3115;czech-republic/1-liga-championship-round-women;czech-republic-1-liga-championship-round-women;1 Liga: Championship Round - Women;CZECH REPUBLIC: 1 Liga: Championship Round - Women;52
74;england/national-league;england-national-league;National League;ENGLAND: National League;60
75;england/league-cup;england-league-cup;League Cup;ENGLAND: League Cup;60
878;england/league-one-playoffs;england-league-one-playoffs;League One, Playoffs;ENGLAND: League One, Playoffs;60
879;england/league-two-playoffs;england-league-two-playoffs;League Two, Playoffs;ENGLAND: League Two, Playoffs;60
205;england/league-one;england-league-one;League One;ENGLAND: League One;60
989;england/national-league-playoff;england-national-league-playoff;National League, Playoff;ENGLAND: National League, Playoff;60
3069;england/national-league-south-playoff;england-national-league-south-playoff;National League South, Playoff;ENGLAND: National League South, Playoff;60
3070;england/national-league-north-playoff;england-national-league-north-playoff;National League North, Playoff;ENGLAND: National League North, Playoff;60
2640;england/premier-league-2-divison-1;england-premier-league-2-divison-1;Premier League 2, Divison 1;ENGLAND: Premier League 2, Divison 1;60
2905;england/national-league-south;england-national-league-south;National League South;ENGLAND: National League South;60
2906;england/national-league-north;england-national-league-north;National League North;ENGLAND: National League North;60
2975;england/premier-league-2-divison-2;england-premier-league-2-divison-2;Premier League 2, Divison 2;ENGLAND: Premier League 2, Divison 2;60
3038;england/efl-trophy;england-efl-trophy;EFL Trophy;ENGLAND: EFL Trophy;60
3311;england/fa-trophy;england-fa-trophy;FA Trophy;ENGLAND: FA Trophy;60
3119;england/super-league-women;england-super-league-women;Super League - Women;ENGLAND: Super League - Women;60
3346;england/premier-league-2-playoffs;england-premier-league-2-playoffs;Premier League 2, Playoffs;ENGLAND: Premier League 2, Playoffs;60
3120;england/championship-women;england-championship-women;Championship - Women;ENGLAND: Championship - Women;60
3188;england/wsl-cup-women;england-wsl-cup-women;WSL Cup - Women;ENGLAND: WSL Cup - Women;60
3593;england/nl-premier-southern-playoff;england-nl-premier-southern-playoff;NL Premier, Southern, Playoff;ENGLAND: NL Premier, Southern, Playoff;60
3400;england/nl-premier-southern-south;england-nl-premier-southern-south;NL Premier, Southern South;ENGLAND: NL Premier, Southern South;60
3401;england/nl-premier-isthmian;england-nl-premier-isthmian;NL Premier, Isthmian;ENGLAND: NL Premier, Isthmian;60
3594;england/nl-premier-isthmian-playoff;england-nl-premier-isthmian-playoff;NL Premier, Isthmian, Playoff;ENGLAND: NL Premier, Isthmian, Playoff;60
3402;england/nl-premier-northern;england-nl-premier-northern;NL Premier, Northern;ENGLAND: NL Premier, Northern;60
3595;england/nl-premier-northern-playoff;england-nl-premier-northern-playoff;NL Premier, Northern, Playoff;ENGLAND: NL Premier, Northern, Playoff;60
3403;england/u23-premier-league-cup;england-u23-premier-league-cup;U-23 Premier League cup;ENGLAND: U-23 Premier League cup;60
3598;england/profesional-depelopment-league-playoffs;england-profesional-depelopment-league-playoffs;Profesional Depelopment League, Playoffs;ENGLAND: Profesional Depelopment League, Playoffs;60
3449;england/professional-depelopment-league;england-professional-depelopment-league;Professional Depelopment League;ENGLAND: Professional Depelopment League;60
4320;england/nl-premier-southern-central;england-nl-premier-southern-central;NL Premier, Southern Central;ENGLAND: NL Premier, Southern Central;60
4484;england/u18-premier-league;england-u18-premier-league;U-18 Premier League;ENGLAND: U-18 Premier League;60
1039;estonia/meistriliiga;estonia-meistriliiga;Meistriliiga;ESTONIA: Meistriliiga;63
1328;estonia/supercup;estonia-supercup;Supercup;ESTONIA: Supercup;63
3453;estonia/winter-tournament;estonia-winter-tournament;Winter Tournament;ESTONIA: Winter Tournament;63
206;england/league-two;england-league-two;League Two;ENGLAND: League Two;60
3055;estonia/esiliiga-a;estonia-esiliiga-a;Esiliiga A;ESTONIA: Esiliiga A;63
4485;eswatini/premier-league;eswatini-premier-league;Premier League;ESWATINI: Premier League;176
3056;faroe-islands/meistaradeildin;faroe-islands-meistaradeildin;Meistaradeildin;FAROE ISLANDS: Meistaradeildin;66
4429;faroe-islands/national-cup;faroe-islands-national-cup;National cup;FAROE ISLANDS: National cup;66
1460;estonia/national-cup;estonia-national-cup;National Cup;ESTONIA: National Cup;63
211;finland/veikkausliiga;finland-veikkausliiga;Veikkausliiga;FINLAND: Veikkausliiga;68
917;finland/ykkonen;finland-ykkonen;Ykkonen;FINLAND: Ykkonen;68
215;finland/national-cup;finland-national-cup;National Cup;FINLAND: National Cup;68
3165;finland/kakkonen-group-a;finland-kakkonen-group-a;Kakkonen, Group A;FINLAND: Kakkonen, Group A;68
3122;finland/naisten-liiga-women;finland-naisten-liiga-women;Naisten Liiga - Women;FINLAND: Naisten Liiga - Women;68
3166;finland/kakkonen-group-b;finland-kakkonen-group-b;Kakkonen, Group B;FINLAND: Kakkonen, Group B;68
3169;finland/kakkonen-playoffs;finland-kakkonen-playoffs;Kakkonen, Playoffs;FINLAND: Kakkonen, Playoffs;68
3167;finland/kakkonen-group-c;finland-kakkonen-group-c;Kakkonen, Group C;FINLAND: Kakkonen, Group C;68
3259;finland/naisten-liiga-championship-round-women;finland-naisten-liiga-championship-round-women;Naisten Liiga, Championship Round - Women;FINLAND: Naisten Liiga, Championship Round - Women;68
3260;finland/naisten-liiga-relegation-round-women;finland-naisten-liiga-relegation-round-women;Naisten Liiga, Relegation round - Women;FINLAND: Naisten Liiga, Relegation round - Women;68
4684;finland/veikkausliiga-championship-round;finland-veikkausliiga-championship-round;Veikkausliiga, Championship Round;FINLAND: Veikkausliiga, Championship Round;68
10;france/ligue-1;france-ligue-1;Ligue 1;FRANCE: Ligue 1;69
4685;finland/veikkausliiga-relegation-round;finland-veikkausliiga-relegation-round;Veikkausliiga, Relegation Round;FINLAND: Veikkausliiga, Relegation Round;68
89;france/national-cup;france-national-cup;National cup;FRANCE: National cup;69
810;france/league-cup;france-league-cup;League Cup;FRANCE: League Cup;69
90;france/supercup;france-supercup;SuperCup;FRANCE: SuperCup;69
207;france/ligue-2;france-ligue-2;Ligue 2;FRANCE: Ligue 2;69
2402;france/national-2-group-a;france-national-2-group-a;National 2, Group A;FRANCE: National 2, Group A;69
1196;france/national-1;france-national-1;National 1;FRANCE: National 1;69
2403;france/national-2-group-b;france-national-2-group-b;National 2, Group B;FRANCE: National 2, Group B;69
2404;france/national-2-group-c;france-national-2-group-c;National 2, Group C;FRANCE: National 2, Group C;69
3606;france/ligue-2-playoffs;france-ligue-2-playoffs;Ligue 2, Playoffs;FRANCE: Ligue 2, Playoffs;69
3608;france/ligue-1-playoffs;france-ligue-1-playoffs;Ligue 1, Playoffs;FRANCE: Ligue 1, Playoffs;69
2405;france/national-2-group-d;france-national-2-group-d;National 2, Group D;FRANCE: National 2, Group D;69
3191;france/division-1-women;france-division-1-women;Division 1 - Women;FRANCE: Division 1 - Women;69
4489;france/national-u19-group-b;france-national-u19-group-b;National U-19, Group B;FRANCE: National U-19, Group B;69
4488;france/national-u19-group-a;france-national-u19-group-a;National U-19, Group A;FRANCE: National U-19, Group A;69
4490;france/national-u19-group-c;france-national-u19-group-c;National U-19, Group C;FRANCE: National U-19, Group C;69
4487;france/national-cup-women;france-national-cup-women;National cup - Women;FRANCE: National cup - Women;69
4491;france/national-u19-group-d;france-national-u19-group-d;National U-19, Group D;FRANCE: National U-19, Group D;69
4430;gabon/division-1;gabon-division-1;Division 1;GABON: Division 1;71
3235;georgia/supercup;georgia-supercup;Supercup;GEORGIA: Supercup;73
1212;georgia/erovnuli-liga;georgia-erovnuli-liga;Erovnuli Liga;GEORGIA: Erovnuli Liga;73
1738;georgia/national-cup;georgia-national-cup;National cup;GEORGIA: National cup;73
11;germany/bundesliga;germany-bundesliga;Bundesliga;GERMANY: Bundesliga;74
4406;georgia/erovnuli-liga-2;georgia-erovnuli-liga-2;Erovnuli Liga 2;GEORGIA: Erovnuli Liga 2;73
1349;germany/bundesliga-relegation-playoff;germany-bundesliga-relegation-playoff;Bundesliga, Relegation Playoff;GERMANY: Bundesliga, Relegation Playoff;74
88;germany/national-cup;germany-national-cup;National cup;GERMANY: National cup;74
1350;germany/2-bundesliga-relegation-playoff;germany-2-bundesliga-relegation-playoff;2. Bundesliga, Relegation Playoff;GERMANY: 2. Bundesliga, Relegation Playoff;74
71;germany/2-bundesliga;germany-2-bundesliga;2. Bundesliga;GERMANY: 2. Bundesliga;74
87;germany/regionalliga-sudwest;germany-regionalliga-sudwest;Regionalliga Sudwest;GERMANY: Regionalliga Sudwest;74
86;germany/regionalliga-nord;germany-regionalliga-nord;Regionalliga Nord;GERMANY: Regionalliga Nord;74
3076;germany/regionalliga-playoffs;germany-regionalliga-playoffs;Regionalliga, Playoffs;GERMANY: Regionalliga, Playoffs;74
1373;germany/supercup;germany-supercup;Supercup;GERMANY: Supercup;74
1195;germany/3-liga;germany-3-liga;3. Liga;GERMANY: 3. Liga;74
1293;germany/regionalliga-west;germany-regionalliga-west;Regionalliga West;GERMANY: Regionalliga West;74
3347;germany/u19-bundesliga-playoffs;germany-u19-bundesliga-playoffs;U-19 Bundesliga, Playoffs;GERMANY: U-19 Bundesliga, Playoffs;74
3352;germany/regionalliga-relegation-playoffs;germany-regionalliga-relegation-playoffs;Regionalliga, Relegation Playoffs;GERMANY: Regionalliga, Relegation Playoffs;74
2588;germany/regionalliga-nordost;germany-regionalliga-nordost;Regionalliga Nordost;GERMANY: Regionalliga Nordost;74
2587;germany/regionalliga-bayern;germany-regionalliga-bayern;Regionalliga Bayern;GERMANY: Regionalliga Bayern;74
3123;germany/bundesliga-women;germany-bundesliga-women;Bundesliga - Women;GERMANY: Bundesliga - Women;74
3180;germany/u19-bundesliga-sudsudwest;germany-u19-bundesliga-sudsudwest;U-19 Bundesliga, Sud-Sudwest;GERMANY: U-19 Bundesliga, Sud-Sudwest;74
3179;germany/u19-bundesliga-nordnordost;germany-u19-bundesliga-nordnordost;U-19 Bundesliga, Nord-Nordost;GERMANY: U-19 Bundesliga, Nord-Nordost;74
3181;germany/u19-bundesliga-west;germany-u19-bundesliga-west;U-19 Bundesliga, West;GERMANY: U-19 Bundesliga, West;74
3426;germany/oberliga-bayern-nord;germany-oberliga-bayern-nord;Oberliga, Bayern Nord;GERMANY: Oberliga, Bayern Nord;74
3208;germany/national-cup-junior;germany-national-cup-junior;National cup, Junior;GERMANY: National cup, Junior;74
3427;germany/oberliga-bayern-sud;germany-oberliga-bayern-sud;Oberliga, Bayern Sud;GERMANY: Oberliga, Bayern Sud;74
3428;germany/oberliga-hessen;germany-oberliga-hessen;Oberliga, Hessen;GERMANY: Oberliga, Hessen;74
4493;germany/national-cup-women;germany-national-cup-women;National cup - Women;GERMANY: National cup - Women;74
3429;germany/oberliga-hamburg;germany-oberliga-hamburg;Oberliga, Hamburg;GERMANY: Oberliga, Hamburg;74
3607;germany/oberliga-playoffs;germany-oberliga-playoffs;Oberliga, Playoffs;GERMANY: Oberliga, Playoffs;74
3430;germany/oberliga-schleswigholstein;germany-oberliga-schleswigholstein;Oberliga, Schleswig-Holstein;GERMANY: Oberliga, Schleswig-Holstein;74
3431;germany/oberliga-badenwurttemberg;germany-oberliga-badenwurttemberg;Oberliga, Baden-Wurttemberg;GERMANY: Oberliga, Baden-Wurttemberg;74
3433;germany/oberliga-niedersachsen;germany-oberliga-niedersachsen;Oberliga, Niedersachsen;GERMANY: Oberliga, Niedersachsen;74
3432;germany/oberliga-bremen;germany-oberliga-bremen;Oberliga, Bremen;GERMANY: Oberliga, Bremen;74
3434;germany/oberliga-nordostnord;germany-oberliga-nordostnord;Oberliga, Nordost-Nord;GERMANY: Oberliga, Nordost-Nord;74
3435;germany/oberliga-nordostsud;germany-oberliga-nordostsud;Oberliga, Nordost-Sud;GERMANY: Oberliga, Nordost-Sud;74
3436;germany/oberliga-rheinlandpfalzsaar;germany-oberliga-rheinlandpfalzsaar;Oberliga, Rheinland-Pfalz/Saar;GERMANY: Oberliga, Rheinland-Pfalz/Saar;74
3438;germany/oberliga-niederrhein;germany-oberliga-niederrhein;Oberliga, Niederrhein;GERMANY: Oberliga, Niederrhein;74
3437;germany/oberliga-westfalen;germany-oberliga-westfalen;Oberliga, Westfalen;GERMANY: Oberliga, Westfalen;74
3439;germany/oberliga-mittelrhein;germany-oberliga-mittelrhein;Oberliga, Mittelrhein;GERMANY: Oberliga, Mittelrhein;74
3459;gibraltar/premier-division;gibraltar-premier-division;Premier Division;GIBRALTAR: Premier Division;225
3460;gibraltar/rock-cup;gibraltar-rock-cup;Rock Cup;GIBRALTAR: Rock Cup;225
208;greece/super-league-1;greece-super-league-1;Super League 1;GREECE: Super League 1;76
308;greece/national-cup;greece-national-cup;National Cup;GREECE: National Cup;76
2273;greece/football-league-promotion-playoff;greece-football-league-promotion-playoff;Football League, Promotion playoff;GREECE: Football League, Promotion playoff;76
3108;czech-republic/1-liga-u19;czech-republic-1-liga-u19;1. Liga U-19;CZECH REPUBLIC: 1. Liga U-19;52
4495;greece/football-league;greece-football-league;Football League;GREECE: Football League;76
3441;greece/u19-super-league;greece-u19-super-league;U-19 Super League;GREECE: U-19 Super League;76
1308;guatemala/clausura;guatemala-clausura;Clausura;GUATEMALA: Clausura;80
1041;guatemala/apertura;guatemala-apertura;Apertura;GUATEMALA: Apertura;80
2275;guatemala/liga-nacional-final-stages;guatemala-liga-nacional-final-stages;Liga Nacional, Final Stages;GUATEMALA: Liga Nacional, Final Stages;80
1306;honduras/clausura;honduras-clausura;Clausura;HONDURAS: Clausura;84
1199;honduras/apertura;honduras-apertura;Apertura;HONDURAS: Apertura;84
2276;honduras/liga-nacional-final-stages;honduras-liga-nacional-final-stages;Liga Nacional, Final Stages;HONDURAS: Liga Nacional, Final Stages;84
1213;hong-kong/premier-league;hong-kong-premier-league;Premier League;HONG KONG: Premier League;85
4605;hong-kong/division-1;hong-kong-division-1;Division 1;HONG KONG: Division 1;85
3470;hong-kong/sapling-cup;hong-kong-sapling-cup;Sapling cup;HONG KONG: Sapling cup;85
65;hungary/nb-i;hungary-nb-i;NB I;HUNGARY: NB I;86
165;hungary/national-cup;hungary-national-cup;National cup;HUNGARY: National cup;86
2954;hungary/nb-ii;hungary-nb-ii;NB II;HUNGARY: NB II;86
4670;hungary/u19-league;hungary-u19-league;U-19 League;HUNGARY: U-19 League;86
4496;hungary/nb-i-women;hungary-nb-i-women;NB I - Women;HUNGARY: NB I - Women;86
317;iceland/premier-league;iceland-premier-league;Premier League;ICELAND: Premier League;87
3454;iceland/fotboltinet-cup;iceland-fotboltinet-cup;Fotbolti.net Cup;ICELAND: Fotbolti.net Cup;87
1369;iceland/1-deild;iceland-1-deild;1. Deild;ICELAND: 1. Deild;87
3064;iceland/league-cup;iceland-league-cup;League cup;ICELAND: League cup;87
1722;iceland/supercup;iceland-supercup;Supercup;ICELAND: Supercup;87
3481;iceland/reykjavik-cup;iceland-reykjavik-cup;Reykjavik Cup;ICELAND: Reykjavik Cup;87
758;iceland/national-cup;iceland-national-cup;National Cup;ICELAND: National Cup;87
76;england/fa-cup;england-fa-cup;FA Cup;ENGLAND: FA Cup;60
72;england/championship;england-championship;Championship;ENGLAND: Championship;60
3124;iceland/urvalsdeild-women;iceland-urvalsdeild-women;Urvalsdeild - Women;ICELAND: Urvalsdeild - Women;87
3281;india/isl;india-isl;ISL;INDIA: ISL;88
4671;india/calcutta-premier-division-a;india-calcutta-premier-division-a;Calcutta Premier Division A;INDIA: Calcutta Premier Division A;88
3597;iceland/2-deild;iceland-2-deild;2. Deild;ICELAND: 2. Deild;87
1705;indonesia/liga-1;indonesia-liga-1;Liga 1;INDONESIA: Liga 1;89
3503;indonesia/president-cup;indonesia-president-cup;President Cup;INDONESIA: President Cup;89
4449;indonesia/nacional-cup;indonesia-nacional-cup;Nacional cup;INDONESIA: Nacional cup;89
4497;indonesia/liga-2;indonesia-liga-2;Liga 2;INDONESIA: Liga 2;89
1100;iran/gulf-pro-league;iran-gulf-pro-league;Gulf Pro League;IRAN: Gulf Pro League;90
4322;iran/supercup;iran-supercup;Supercup;IRAN: Supercup;90
3219;iran/azadegan-league;iran-azadegan-league;Azadegan league;IRAN: Azadegan league;90
4498;iraq/super-league;iraq-super-league;Super League;IRAQ: Super League;91
2209;iran/national-cup;iran-national-cup;National cup;IRAN: National cup;90
67;ireland/premier-division;ireland-premier-division;Premier Division;IRELAND: Premier Division;92
750;ireland/league-cup;ireland-league-cup;League Cup;IRELAND: League Cup;92
756;ireland/fai-cup;ireland-fai-cup;FAI Cup;IRELAND: FAI Cup;92
918;ireland/1-division;ireland-1-division;1 division;IRELAND: 1 division;92
123;israel/ligat-al;israel-ligat-al;Ligat Al;ISRAEL: Ligat Al;93
1092;israel/national-cup;israel-national-cup;National Cup;ISRAEL: National Cup;93
2282;israel/ligat-al-championship-group;israel-ligat-al-championship-group;Ligat Al, Championship Group;ISRAEL: Ligat Al, Championship Group;93
2283;israel/ligat-al-relegation-group;israel-ligat-al-relegation-group;Ligat Al, Relegation Group;ISRAEL: Ligat Al, Relegation Group;93
2284;israel/liga-leumit-promotion-group;israel-liga-leumit-promotion-group;Liga Leumit, Promotion Group;ISRAEL: Liga Leumit, Promotion Group;93
2285;israel/liga-leumit-relegation-group;israel-liga-leumit-relegation-group;Liga Leumit, Relegation Group;ISRAEL: Liga Leumit, Relegation Group;93
1303;israel/toto-cup-ligat-al-group-stage;israel-toto-cup-ligat-al-group-stage;Toto Cup Ligat Al, Group stage;ISRAEL: Toto Cup Ligat Al, Group stage;93
1292;israel/liga-leumit;israel-liga-leumit;Liga Leumit;ISRAEL: Liga Leumit;93
4000;israel/supercup;israel-supercup;Supercup;ISRAEL: Supercup;93
3207;israel/toto-cup-ligat-leumit-group-stage;israel-toto-cup-ligat-leumit-group-stage;Toto cup Ligat Leumit, Group Stage;ISRAEL: Toto cup Ligat Leumit, Group Stage;93
3289;israel/toto-cup-ligat-leumit-playoffs;israel-toto-cup-ligat-leumit-playoffs;Toto cup Ligat Leumit, Playoffs;ISRAEL: Toto cup Ligat Leumit, Playoffs;93
4594;israel/liga-leumit-relegation;israel-liga-leumit-relegation;Liga Leumit, Relegation;ISRAEL: Liga Leumit, Relegation;93
3442;israel/u19-elite-division;israel-u19-elite-division;U-19 Elite Division;ISRAEL: U-19 Elite Division;93
4129;israel/toto-cup-ligat-al-playoffs;israel-toto-cup-ligat-al-playoffs;Toto Cup Ligat Al, Playoffs;ISRAEL: Toto Cup Ligat Al, Playoffs;93
4499;israel/liga-alef-north;israel-liga-alef-north;Liga Alef, North;ISRAEL: Liga Alef, North;93
13;italy/serie-a;italy-serie-a;Serie A;ITALY: Serie A;94
4500;israel/liga-alef-south;israel-liga-alef-south;Liga Alef, South;ISRAEL: Liga Alef, South;93
895;italy/serie-b-promotion-playoff;italy-serie-b-promotion-playoff;Serie B, Promotion Playoff;ITALY: Serie B, Promotion Playoff;94
82;italy/national-cup;italy-national-cup;National Cup;ITALY: National Cup;94
70;italy/serie-b;italy-serie-b;Serie B;ITALY: Serie B;94
1736;italy/serie-c1-playoff;italy-serie-c1-playoff;Serie C1, Play-off;ITALY: Serie C1, Play-off;94
1737;italy/serie-c1-playout;italy-serie-c1-playout;Serie C1, play-out;ITALY: Serie C1, play-out;94
1745;italy/serie-b-relegation-playoff;italy-serie-b-relegation-playoff;Serie B, Relegation Playoff;ITALY: Serie B, Relegation Playoff;94
924;italy/serie-c-group-b;italy-serie-c-group-b;Serie C, Group B;ITALY: Serie C, Group B;94
925;italy/serie-c-group-a;italy-serie-c-group-a;Serie C, Group A;ITALY: Serie C, Group A;94
3351;italy/lega-pro-supercoppa;italy-lega-pro-supercoppa;Lega Pro, Supercoppa;ITALY: Lega Pro, Supercoppa;94
3348;italy/campionato-nacionale-primavera-playoffs;italy-campionato-nacionale-primavera-playoffs;Campionato Nacionale Primavera, Playoffs;ITALY: Campionato Nacionale Primavera, Playoffs;94
3001;italy/serie-c-group-c;italy-serie-c-group-c;Serie C, Group C;ITALY: Serie C, Group C;94
3217;italy/national-cup-serie-c-group-stage;italy-national-cup-serie-c-group-stage;National cup Serie C, Group Stage;ITALY: National cup Serie C, Group Stage;94
3269;italy/campionato-nacionale-primavera-1;italy-campionato-nacionale-primavera-1;Campionato Nacionale Primavera 1;ITALY: Campionato Nacionale Primavera 1;94
3270;italy/campionato-nacionale-primavera-2-group-a;italy-campionato-nacionale-primavera-2-group-a;Campionato Nacionale Primavera 2, Group A;ITALY: Campionato Nacionale Primavera 2, Group A;94
3271;italy/campionato-nacionale-primavera-2-group-b;italy-campionato-nacionale-primavera-2-group-b;Campionato Nacionale Primavera 2, Group B;ITALY: Campionato Nacionale Primavera 2, Group B;94
3331;italy/national-cup-serie-c-playoffs;italy-national-cup-serie-c-playoffs;National cup Serie C, playoffs;ITALY: National cup Serie C, playoffs;94
3276;italy/copa-primavera;italy-copa-primavera;Copa Primavera;ITALY: Copa Primavera;94
4580;italy/campionato-nacionale-primavera-2-playoffs;italy-campionato-nacionale-primavera-2-playoffs;Campionato Nacionale Primavera 2, Playoffs;ITALY: Campionato Nacionale Primavera 2, Playoffs;94
4501;italy/serie-d-group-a;italy-serie-d-group-a;Serie D, Group A;ITALY: Serie D, Group A;94
3404;italy/serie-a-women;italy-serie-a-women;Serie A - Women;ITALY: Serie A - Women;94
4502;italy/serie-d-group-b;italy-serie-d-group-b;Serie D, Group B;ITALY: Serie D, Group B;94
4503;italy/serie-d-group-c;italy-serie-d-group-c;Serie D, Group C;ITALY: Serie D, Group C;94
4504;italy/serie-d-group-d;italy-serie-d-group-d;Serie D, Group D;ITALY: Serie D, Group D;94
4505;italy/serie-d-group-e;italy-serie-d-group-e;Serie D, Group E;ITALY: Serie D, Group E;94
4506;italy/serie-d-group-f;italy-serie-d-group-f;Serie D, Group F;ITALY: Serie D, Group F;94
4507;italy/serie-d-group-g;italy-serie-d-group-g;Serie D, Group G;ITALY: Serie D, Group G;94
4508;italy/serie-d-group-h;italy-serie-d-group-h;Serie D, Group H;ITALY: Serie D, Group H;94
4509;italy/serie-d-group-i;italy-serie-d-group-i;Serie D, Group I;ITALY: Serie D, Group I;94
4512;jamaica/premier-league;jamaica-premier-league;Premier League;JAMAICA: Premier League;95
4511;italy/national-cup-serie-d;italy-national-cup-serie-d;National cup Serie D;ITALY: National cup Serie D;94
748;japan/jleague;japan-jleague;J-League;JAPAN: J-League;96
1327;japan/supercup;japan-supercup;Supercup;JAPAN: Supercup;96
799;japan/emperor-cup;japan-emperor-cup;Emperor Cup;JAPAN: Emperor Cup;96
1031;japan/jleague-cup;japan-jleague-cup;J-League Cup;JAPAN: J-League Cup;96
1185;japan/jleague-2;japan-jleague-2;J-League 2;JAPAN: J-League 2;96
3125;japan/l1-league-women;japan-l1-league-women;L1 League - Women;JAPAN: L1 League - Women;96
3233;jordan/supercup;jordan-supercup;Supercup;JORDAN: Supercup;97
1476;jordan/premier-league;jordan-premier-league;Premier League;JORDAN: Premier League;97
2288;jordan/national-cup;jordan-national-cup;National cup;JORDAN: National cup;97
1131;kazakhstan/premier-league;kazakhstan-premier-league;Premier League;KAZAKHSTAN: Premier League;98
1277;kazakhstan/supercup;kazakhstan-supercup;Supercup;KAZAKHSTAN: Supercup;98
1275;kazakhstan/national-cup;kazakhstan-national-cup;National Cup;KAZAKHSTAN: National Cup;98
3148;kazakhstan/1-division;kazakhstan-1-division;1 Division;KAZAKHSTAN: 1 Division;98
2540;kenya/premier-league;kenya-premier-league;Premier League;KENYA: Premier League;99
1192;korea-republic/kleague-1;korea-republic-kleague-1;K-League 1;KOREA REPUBLIC: K-League 1;101
4590;korea-republic/national-league-cup;korea-republic-national-league-cup;National League cup;KOREA REPUBLIC: National League cup;101
1370;korea-rep/fa-cup;korea-rep-fa-cup;FA Cup;KOREA REP.: FA Cup;101
3513;korea-republic/kleague-2;korea-republic-kleague-2;K-League 2;KOREA REPUBLIC: K-League 2;101
3126;korea-republic/wk-league-women;korea-republic-wk-league-women;WK League - Women;KOREA REPUBLIC: WK League - Women;101
4431;korea-republic/national-league;korea-republic-national-league;National League;KOREA REPUBLIC: National League;101
4515;kosovo/superliga;kosovo-superliga;Superliga;KOSOVO: Superliga;224
1296;kuwait/premier-league;kuwait-premier-league;Premier League;KUWAIT: Premier League;102
1451;kuwait/supercup;kuwait-supercup;Supercup;KUWAIT: Supercup;102
2398;kuwait/emire-cup;kuwait-emire-cup;Emire cup;KUWAIT: Emire cup;102
2292;kuwait/federation-cup;kuwait-federation-cup;Federation Cup;KUWAIT: Federation Cup;102
1495;kuwait/crown-prince-cup;kuwait-crown-prince-cup;Crown Prince Cup;KUWAIT: Crown Prince Cup;102
4518;kuwait/division-1;kuwait-division-1;Division 1;KUWAIT: Division 1;102
4519;kyrgyzstan/top-liga;kyrgyzstan-top-liga;Top Liga;KYRGYZSTAN: Top Liga;103
915;latvia/virsliga;latvia-virsliga;Virsliga;LATVIA: Virsliga;105
1421;latvia/1liga;latvia-1liga;1.Liga;LATVIA: 1.Liga;105
1101;lebanon/premier-league;lebanon-premier-league;Premier League;LEBANON: Premier League;106
1712;latvia/national-cup;latvia-national-cup;National cup;LATVIA: National cup;105
2293;lebanon/national-cup;lebanon-national-cup;National cup;LEBANON: National cup;106
3265;lebanon/elite-cup;lebanon-elite-cup;Elite cup;LEBANON: Elite cup;106
4689;lebanon/supercup;lebanon-supercup;Supercup;LEBANON: Supercup;106
4520;liechtenstein/national-cup;liechtenstein-national-cup;National Cup;LIECHTENSTEIN: National Cup;110
3511;lithuania/supercup;lithuania-supercup;Supercup;LITHUANIA: Supercup;111
916;lithuania/a-lyga;lithuania-a-lyga;A Lyga;LITHUANIA: A Lyga;111
1422;lithuania/1-lyga;lithuania-1-lyga;1 Lyga;LITHUANIA: 1 Lyga;111
2294;lithuania/national-cup;lithuania-national-cup;National cup;LITHUANIA: National cup;111
1108;luxembourg/fortis-league;luxembourg-fortis-league;Fortis League;LUXEMBOURG: Fortis League;112
3075;luxembourg/national-cup;luxembourg-national-cup;National cup;LUXEMBOURG: National cup;112
2295;luxembourg/fortis-league-relegation-playoff;luxembourg-fortis-league-relegation-playoff;Fortis League, Relegation Playoff;LUXEMBOURG: Fortis League, Relegation Playoff;112
4445;macao/elite-league;macao-elite-league;Elite League;MACAO: Elite League;113
4521;malawi/super-league;malawi-super-league;Super League;MALAWI: Super League;115
3047;malaysia/premier-league;malaysia-premier-league;Premier League;MALAYSIA: Premier League;116
1102;malaysia/super-league;malaysia-super-league;Super League;MALAYSIA: Super League;116
3502;malaysia/fa-cup;malaysia-fa-cup;FA Cup;MALAYSIA: FA Cup;116
3264;malaysia/national-cup;malaysia-national-cup;National cup;MALAYSIA: National cup;116
4522;maldives/premier-league;maldives-premier-league;Premier League;MALDIVES: Premier League;117
4665;mali/premier-league;mali-premier-league;Premier League;MALI: Premier League;118
1214;malta/premier-division;malta-premier-division;Premier Division;MALTA: Premier Division;119
1728;malta/fa-trophy;malta-fa-trophy;FA Trophy;MALTA: FA Trophy;119
3478;malta/division-1;malta-division-1;Division 1;MALTA: Division 1;119
2296;malta/premier-division-aditional-match;malta-premier-division-aditional-match;Premier Division Aditional match;MALTA: Premier Division Aditional match;119
914;mexico/apertura;mexico-apertura;Apertura;MEXICO: Apertura;123
2401;mexico/liga-de-ascenso-clausura;mexico-liga-de-ascenso-clausura;Liga de Ascenso, Clausura;MEXICO: Liga de Ascenso, Clausura;123
3456;mexico/copa-mexico-clausura-group-stage;mexico-copa-mexico-clausura-group-stage;Copa Mexico, Clausura, Group Stage;MEXICO: Copa Mexico, Clausura, Group Stage;123
124;mexico/clausura;mexico-clausura;Clausura;MEXICO: Clausura;123
964;mexico/primera-division-playoff;mexico-primera-division-playoff;Primera Division, Playoff;MEXICO: Primera Division, Playoff;123
3031;mexico/liga-de-ascenso-final-stages;mexico-liga-de-ascenso-final-stages;Liga de Ascenso, Final Stages;MEXICO: Liga de Ascenso, Final Stages;123
4620;mexico/campeon-de-campeones;mexico-campeon-de-campeones;Campeon de Campeones;MEXICO: Campeon de Campeones;123
3187;mexico/supercup;mexico-supercup;Supercup;MEXICO: Supercup;123
3202;mexico/copa-mx-apertura-final-stages;mexico-copa-mx-apertura-final-stages;Copa MX, Apertura, Final Stages;MEXICO: Copa MX, Apertura, Final Stages;123
2400;mexico/liga-de-ascenso-apertura;mexico-liga-de-ascenso-apertura;Liga de Ascenso, Apertura;MEXICO: Liga de Ascenso, Apertura;123
4523;mexico/liga-femenil-apertura-women;mexico-liga-femenil-apertura-women;Liga Femenil, Apertura - Women;MEXICO: Liga Femenil, Apertura - Women;123
3201;mexico/copa-mx-group-stage;mexico-copa-mx-group-stage;Copa MX, Group Stage;MEXICO: Copa MX, Group Stage;123
1109;moldova/divizia-nationala;moldova-divizia-nationala;Divizia Nationala;MOLDOVA: Divizia Nationala;124
2300;moldova/supercup;moldova-supercup;Supercup;MOLDOVA: Supercup;124
1744;moldova/national-cup;moldova-national-cup;National cup;MOLDOVA: National cup;124
1215;montenegro/1-division;montenegro-1-division;1. Division;MONTENEGRO: 1. Division;216
2311;montenegro/1-division-playoff;montenegro-1-division-playoff;1. Division, Playoff;MONTENEGRO: 1. Division, Playoff;216
4444;moldova/divizia-a;moldova-divizia-a;Divizia A;MOLDOVA: Divizia A;124
1713;montenegro/national-cup;montenegro-national-cup;National cup;MONTENEGRO: National cup;216
4525;montenegro/division-2;montenegro-division-2;Division 2;MONTENEGRO: Division 2;216
1519;morocco/national-cup;morocco-national-cup;National Cup;MOROCCO: National Cup;127
1216;morocco/botola-pro;morocco-botola-pro;Botola Pro;MOROCCO: Botola Pro;127
3192;morocco/botola-2;morocco-botola-2;Botola 2;MOROCCO: Botola 2;127
4610;mozambique/mocambola;mozambique-mocambola;Mocambola;MOZAMBIQUE: Mocambola;128
4526;myanmar/national-league;myanmar-national-league;National League;MYANMAR: National League;129
16;netherlands/eredivisie;netherlands-eredivisie;Eredivisie;NETHERLANDS: Eredivisie;132
92;netherlands/supercup;netherlands-supercup;SuperCup;NETHERLANDS: SuperCup;132
1035;netherlands/eerste-divisie-playoff;netherlands-eerste-divisie-playoff;Eerste Divisie Playoff;NETHERLANDS: Eerste Divisie Playoff;132
1141;netherlands/eredivisie-el-playoffs;netherlands-eredivisie-el-playoffs;Eredivisie, EL Playoffs;NETHERLANDS: Eredivisie, EL Playoffs;132
91;netherlands/eerste-divisie;netherlands-eerste-divisie;Eerste Divisie;NETHERLANDS: Eerste Divisie;132
3605;netherlands/tweede-divisie-playoff;netherlands-tweede-divisie-playoff;Tweede Divisie, Playoff;NETHERLANDS: Tweede Divisie, Playoff;132
4401;netherlands/reserve-league-championship-round;netherlands-reserve-league-championship-round;Reserve League, Championship Round;NETHERLANDS: Reserve League, Championship Round;132
93;netherlands/national-cup;netherlands-national-cup;National Cup;NETHERLANDS: National Cup;132
4402;netherlands/reserve-league-lower-round;netherlands-reserve-league-lower-round;Reserve League, Lower Round;NETHERLANDS: Reserve League, Lower Round;132
4403;netherlands/eredivisie-championship-round-women;netherlands-eredivisie-championship-round-women;Eredivisie, Championship round - Women;NETHERLANDS: Eredivisie, Championship round - Women;132
4404;netherlands/eredivisie-lower-round-women;netherlands-eredivisie-lower-round-women;Eredivisie, Lower round - Women;NETHERLANDS: Eredivisie, Lower round - Women;132
3193;netherlands/eredivisie-women;netherlands-eredivisie-women;Eredivisie - Women;NETHERLANDS: Eredivisie - Women;132
3212;netherlands/reserve-league-group-a;netherlands-reserve-league-group-a;Reserve League, Group A;NETHERLANDS: Reserve League, Group A;132
3447;netherlands/tweede-divisie;netherlands-tweede-divisie;Tweede Divisie;NETHERLANDS: Tweede Divisie;132
4359;netherlands/reserve-league-group-b;netherlands-reserve-league-group-b;Reserve League, Group B;NETHERLANDS: Reserve League, Group B;132
1040;greece/super-league-2;greece-super-league-2;Super League 2;GREECE: Super League 2;76
4669;netherlands/eredivisie-u19;netherlands-eredivisie-u19;Eredivisie U-19;NETHERLANDS: Eredivisie U-19;132
4528;netherlands/derde-divisie-zontag;netherlands-derde-divisie-zontag;Derde Divisie, Zontag;NETHERLANDS: Derde Divisie, Zontag;132
4529;nicaragua/primera-division-apertura;nicaragua-primera-division-apertura;Primera Division, Apertura;NICARAGUA: Primera Division, Apertura;135
3469;nigeria/npfl;nigeria-npfl;NPFL;NIGERIA: NPFL;137
1103;northern-ireland/premiership;northern-ireland-premiership;Premiership;NORTHERN IRELAND: Premiership;138
2312;northern-ireland/premiership-championship-round;northern-ireland-premiership-championship-round;Premiership, Championship round;NORTHERN IRELAND: Premiership, Championship round;138
2313;northern-ireland/premiership-relegation-round;northern-ireland-premiership-relegation-round;Premiership, Relegation round;NORTHERN IRELAND: Premiership, Relegation round;138
3506;northern-ireland/championship-1-promotion-round;northern-ireland-championship-1-promotion-round;Championship 1, Promotion round;NORTHERN IRELAND: Championship 1, Promotion round;138
3507;northern-ireland/championship-1-relegation-round;northern-ireland-championship-1-relegation-round;Championship 1, Relegation round;NORTHERN IRELAND: Championship 1, Relegation round;138
4251;northern-ireland/premiership-playoffs;northern-ireland-premiership-playoffs;Premiership, Playoffs;NORTHERN IRELAND: Premiership, Playoffs;138
4252;northern-ireland/championship-1-promotion-playoffs;northern-ireland-championship-1-promotion-playoffs;Championship 1, Promotion Playoffs;NORTHERN IRELAND: Championship 1, Promotion Playoffs;138
2315;northern-ireland/national-cup;northern-ireland-national-cup;National cup;NORTHERN IRELAND: National cup;138
2314;northern-ireland/league-cup;northern-ireland-league-cup;League cup;NORTHERN IRELAND: League cup;138
3150;northern-ireland/championship-1;northern-ireland-championship-1;Championship 1;NORTHERN IRELAND: Championship 1;138
4531;northern-ireland/premier-intermediate-league;northern-ireland-premier-intermediate-league;Premier Intermediate League;NORTHERN IRELAND: Premier Intermediate League;138
213;norway/eliteserien;norway-eliteserien;Eliteserien;NORWAY: Eliteserien;139
95;norway/1-division;norway-1-division;1. Division;NORWAY: 1. Division;139
315;norway/national-cup;norway-national-cup;National cup;NORWAY: National cup;139
3128;norway/toppserien-women;norway-toppserien-women;Toppserien - Women;NORWAY: Toppserien - Women;139
3173;norway/2-division-group-2;norway-2-division-group-2;2. Division, Group 2;NORWAY: 2. Division, Group 2;139
3172;norway/2-division-group-1;norway-2-division-group-1;2. Division, Group 1;NORWAY: 2. Division, Group 1;139
4432;norway/3-division-group-1;norway-3-division-group-1;3. Division, Group 1;NORWAY: 3. Division, Group 1;139
4433;norway/3-division-group-2;norway-3-division-group-2;3. Division, Group 2;NORWAY: 3. Division, Group 2;139
4527;netherlands/derde-divisie-zaterdag;netherlands-derde-divisie-zaterdag;Derde Divisie, Zaterdag;NETHERLANDS: Derde Divisie, Zaterdag;132
4435;norway/3-division-group-4;norway-3-division-group-4;3. Division, Group 4;NORWAY: 3. Division, Group 4;139
4436;norway/3-division-group-5;norway-3-division-group-5;3. Division, Group 5;NORWAY: 3. Division, Group 5;139
4437;norway/3-division-group-6;norway-3-division-group-6;3. Division, Group 6;NORWAY: 3. Division, Group 6;139
4438;norway/nasjonal-u19-super;norway-nasjonal-u19-super;Nasjonal U-19 Super;NORWAY: Nasjonal U-19 Super;139
1554;oman/premier-league;oman-premier-league;Premier League;OMAN: Premier League;140
3223;oman/supercup;oman-supercup;Supercup;OMAN: Supercup;140
3388;oman/league-cup;oman-league-cup;League Cup;OMAN: League Cup;140
4534;palestine/west-bank-league;palestine-west-bank-league;West Bank League;PALESTINE: West Bank League;142
3474;panama/lfp-playoffs;panama-lfp-playoffs;LFP, Playoffs;PANAMA: LFP, Playoffs;143
3473;panama/lfp-apertura;panama-lfp-apertura;LFP, Apertura;PANAMA: LFP, Apertura;143
3472;panama/lfp-clausura;panama-lfp-clausura;LFP, Clausura;PANAMA: LFP, Clausura;143
1309;paraguay/apertura;paraguay-apertura;Apertura;PARAGUAY: Apertura;145
1208;paraguay/clausura;paraguay-clausura;Clausura;PARAGUAY: Clausura;145
3194;paraguay/division-intermedia;paraguay-division-intermedia;Division Intermedia;PARAGUAY: Division Intermedia;145
927;peru/primera-division-apertura;peru-primera-division-apertura;Primera Division, Apertura;PERU: Primera Division, Apertura;146
4653;paraguay/national-cup;paraguay-national-cup;National cup;PARAGUAY: National cup;145
2631;peru/primera-division-clausura;peru-primera-division-clausura;Primera Division, Clausura;PERU: Primera Division, Clausura;146
4535;peru/national-cup;peru-national-cup;National cup;PERU: National cup;146
4611;peru/liga-2;peru-liga-2;Liga 2;PERU: Liga 2;146
4465;bosnia-herzegovina/rs;bosnia-herzegovina-rs;RS;BOSNIA HERZEGOVINA: RS;26
66;poland/ekstraklasa;poland-ekstraklasa;Ekstraklasa;POLAND: Ekstraklasa;147
2854;poland/orange-ekstraklasa-championship-round;poland-orange-ekstraklasa-championship-round;Orange Ekstraklasa, Championship Round;POLAND: Orange Ekstraklasa, Championship Round;147
122;poland/supercup;poland-supercup;Supercup;POLAND: Supercup;147
2855;poland/orange-ekstraklasa-relegation-round;poland-orange-ekstraklasa-relegation-round;Orange Ekstraklasa, Relegation Round;POLAND: Orange Ekstraklasa, Relegation Round;147
3349;poland/ekstraklasa-championship-round-women;poland-ekstraklasa-championship-round-women;Ekstraklasa, Championship round - Women;POLAND: Ekstraklasa, Championship round - Women;147
3350;poland/ekstraklasa-relegation-round-women;poland-ekstraklasa-relegation-round-women;Ekstraklasa, Relegation round - Women;POLAND: Ekstraklasa, Relegation round - Women;147
166;poland/national-cup;poland-national-cup;National cup;POLAND: National cup;147
3101;poland/ii-liga;poland-ii-liga;II Liga;POLAND: II Liga;147
743;poland/i-liga;poland-i-liga;I Liga;POLAND: I Liga;147
3209;poland/central-youth-league;poland-central-youth-league;Central Youth League;POLAND: Central Youth League;147
3131;poland/ekstraklasa-women;poland-ekstraklasa-women;Ekstraklasa - Women;POLAND: Ekstraklasa - Women;147
4537;poland/iii-liga-group-1;poland-iii-liga-group-1;III Liga, Group 1;POLAND: III Liga, Group 1;147
4538;poland/iii-liga-group-2;poland-iii-liga-group-2;III Liga, Group 2;POLAND: III Liga, Group 2;147
4539;poland/iii-liga-group-3;poland-iii-liga-group-3;III Liga, Group 3;POLAND: III Liga, Group 3;147
4540;poland/iii-liga-group-4;poland-iii-liga-group-4;III Liga, Group 4;POLAND: III Liga, Group 4;147
68;portugal/primeira-liga;portugal-primeira-liga;Primeira Liga;PORTUGAL: Primeira Liga;148
2318;portugal/league-cup-final-stages;portugal-league-cup-final-stages;League cup, Final Stages;PORTUGAL: League cup, Final Stages;148
1880;portugal/league-cup-qulifying-rounds;portugal-league-cup-qulifying-rounds;League cup, Qulifying Rounds;PORTUGAL: League cup, Qulifying Rounds;148
168;portugal/supercup;portugal-supercup;Supercup;PORTUGAL: Supercup;148
738;portugal/taca-de-portugal;portugal-taca-de-portugal;Taca de Portugal;PORTUGAL: Taca de Portugal;148
1057;portugal/league-cup-group-stage;portugal-league-cup-group-stage;League cup, Group Stage;PORTUGAL: League cup, Group Stage;148
4541;portugal/campeonato-de-portugal-prio-group-a;portugal-campeonato-de-portugal-prio-group-a;Campeonato de Portugal Prio, Group A;PORTUGAL: Campeonato de Portugal Prio, Group A;148
1274;portugal/segunda-liga;portugal-segunda-liga;Segunda Liga;PORTUGAL: Segunda Liga;148
4542;portugal/campeonato-de-portugal-prio-group-b;portugal-campeonato-de-portugal-prio-group-b;Campeonato de Portugal Prio, Group B;PORTUGAL: Campeonato de Portugal Prio, Group B;148
4543;portugal/campeonato-de-portugal-prio-group-c;portugal-campeonato-de-portugal-prio-group-c;Campeonato de Portugal Prio, Group C;PORTUGAL: Campeonato de Portugal Prio, Group C;148
4544;portugal/campeonato-de-portugal-prio-group-d;portugal-campeonato-de-portugal-prio-group-d;Campeonato de Portugal Prio, Group D;PORTUGAL: Campeonato de Portugal Prio, Group D;148
4546;portugal/divisiao-1-women;portugal-divisiao-1-women;Divisiao 1 - Women;PORTUGAL: Divisiao 1 - Women;148
1295;qatar/stars-league;qatar-stars-league;Stars League;QATAR: Stars League;150
2319;qatar/stars-league-relegation-playoff;qatar-stars-league-relegation-playoff;Stars League, Relegation Playoff;QATAR: Stars League, Relegation Playoff;150
3068;qatar/emir-cup;qatar-emir-cup;Emir Cup;QATAR: Emir Cup;150
4087;qatar/second-division;qatar-second-division;Second Division;QATAR: Second Division;150
1042;north-macedonia/prva-liga;north-macedonia-prva-liga;Prva liga;NORTH MACEDONIA: Prva liga;65
3084;north-macedonia/prva-liga-playoff;north-macedonia-prva-liga-playoff;Prva liga, playoff;NORTH MACEDONIA: Prva liga, playoff;65
1726;north-macedonia/national-cup;north-macedonia-national-cup;National Cup;NORTH MACEDONIA: National Cup;65
4532;north-macedonia/liga-2;north-macedonia-liga-2;Liga 2;NORTH MACEDONIA: Liga 2;65
754;romania/liga-1;romania-liga-1;Liga 1;ROMANIA: Liga 1;151
760;romania/supercup;romania-supercup;Supercup;ROMANIA: Supercup;151
3037;romania/league-cup;romania-league-cup;League cup;ROMANIA: League cup;151
3316;romania/liga-1-championship-round;romania-liga-1-championship-round;Liga 1, Championship round;ROMANIA: Liga 1, Championship round;151
3317;romania/liga-1-relegation-round;romania-liga-1-relegation-round;Liga 1, Relegation round;ROMANIA: Liga 1, Relegation round;151
974;romania/national-cup;romania-national-cup;National Cup;ROMANIA: National Cup;151
3237;romania/liga-2;romania-liga-2;Liga 2;ROMANIA: Liga 2;151
4548;romania/liga-3-serie-1;romania-liga-3-serie-1;Liga 3, Serie 1;ROMANIA: Liga 3, Serie 1;151
4549;romania/liga-3-serie-2;romania-liga-3-serie-2;Liga 3, Serie 2;ROMANIA: Liga 3, Serie 2;151
4550;romania/liga-3-serie-3;romania-liga-3-serie-3;Liga 3, Serie 3;ROMANIA: Liga 3, Serie 3;151
4551;romania/liga-3-serie-4;romania-liga-3-serie-4;Liga 3, Serie 4;ROMANIA: Liga 3, Serie 4;151
4552;romania/liga-3-serie-5;romania-liga-3-serie-5;Liga 3, Serie 5;ROMANIA: Liga 3, Serie 5;151
4553;romania/superliga-women;romania-superliga-women;Superliga - Women;ROMANIA: Superliga - Women;151
3067;qatar/national-cup;qatar-national-cup;National cup;QATAR: National cup;150
3;russia/premier-league;russia-premier-league;Premier League;RUSSIA: Premier League;152
740;russia/supercup;russia-supercup;Supercup;RUSSIA: Supercup;152
3040;russia/fnl-cup;russia-fnl-cup;FNL cup;RUSSIA: FNL cup;152
2539;russia/playoffs;russia-playoffs;Playoffs;RUSSIA: Playoffs;152
4536;philippines/pfl;philippines-pfl;PFL;PHILIPPINES: PFL;222
722;russia/premierliga-reserves;russia-premierliga-reserves;Premier-Liga Reserves;RUSSIA: Premier-Liga Reserves;152
746;russia/fnl;russia-fnl;FNL;RUSSIA: FNL;152
1391;russia/pfl-vostok;russia-pfl-vostok;PFL, Vostok;RUSSIA: PFL, Vostok;152
1716;russia/pfl-zapad;russia-pfl-zapad;PFL, Zapad;RUSSIA: PFL, Zapad;152
4397;russia/match-premier-cup;russia-match-premier-cup;Match Premier Cup;RUSSIA: Match Premier Cup;152
1719;russia/pfl-uralpovolzhe;russia-pfl-uralpovolzhe;PFL, Ural-Povolzhe;RUSSIA: PFL, Ural-Povolzhe;152
1720;russia/pfl-center;russia-pfl-center;PFL, Center;RUSSIA: PFL, Center;152
1721;russia/pfl-yug;russia-pfl-yug;PFL, Yug;RUSSIA: PFL, Yug;152
4555;rwanda/national-league;rwanda-national-league;National League;RWANDA: National League;153
3130;russia/supreme-divison-women;russia-supreme-divison-women;Supreme Divison - Women;RUSSIA: Supreme Divison - Women;152
4556;san-marino/campionato;san-marino-campionato;Campionato;SAN MARINO: Campionato;156
4692;san-marino/supercup;san-marino-supercup;Supercup;SAN MARINO: Supercup;156
1104;saudi-arabia/pro-league;saudi-arabia-pro-league;Pro League;SAUDI ARABIA: Pro League;158
3467;saudi-arabia/kings-cup;saudi-arabia-kings-cup;King's Cup;SAUDI ARABIA: King's Cup;158
3199;saudi-arabia/supercup;saudi-arabia-supercup;Supercup;SAUDI ARABIA: Supercup;158
3599;saudi-arabia/premiere-league-playoffs;saudi-arabia-premiere-league-playoffs;Premiere League, Playoffs;SAUDI ARABIA: Premiere League, Playoffs;158
4253;saudi-arabia/division-1-playoffs;saudi-arabia-division-1-playoffs;Division 1, Playoffs;SAUDI ARABIA: Division 1, Playoffs;158
3198;saudi-arabia/division-1;saudi-arabia-division-1;Division 1;SAUDI ARABIA: Division 1;158
990;scotland/division-2-promotion-playoff;scotland-division-2-promotion-playoff;Division 2, Promotion Playoff;SCOTLAND: Division 2, Promotion Playoff;159
12;scotland/premier-league;scotland-premier-league;Premier League;SCOTLAND: Premier League;159
991;scotland/division-3-promotion-playoff;scotland-division-3-promotion-playoff;Division 3, Promotion Playoff;SCOTLAND: Division 3, Promotion Playoff;159
992;scotland/division-1-promotion-playoff;scotland-division-1-promotion-playoff;Division 1, Promotion Playoff;SCOTLAND: Division 1, Promotion Playoff;159
2323;scotland/premier-league-championship-group;scotland-premier-league-championship-group;Premier League, Championship Group;SCOTLAND: Premier League, Championship Group;159
81;scotland/league-cup-group-stage;scotland-league-cup-group-stage;League Cup, Group Stage;SCOTLAND: League Cup, Group Stage;159
2324;scotland/premier-league-relegation-group;scotland-premier-league-relegation-group;Premier League, Relegation Group;SCOTLAND: Premier League, Relegation Group;159
3074;scotland/championship-promotion-playoff;scotland-championship-promotion-playoff;Championship, Promotion Playoff;SCOTLAND: Championship, Promotion Playoff;159
77;scotland/championship;scotland-championship;Championship;SCOTLAND: Championship;159
78;scotland/division-1;scotland-division-1;Division 1;SCOTLAND: Division 1;159
80;scotland/fa-cup;scotland-fa-cup;FA Cup;SCOTLAND: FA Cup;159
79;scotland/division-2;scotland-division-2;Division 2;SCOTLAND: Division 2;159
834;scotland/challenge-cup;scotland-challenge-cup;Challenge Cup;SCOTLAND: Challenge Cup;159
3363;scotland/league-cup-final-stages;scotland-league-cup-final-stages;League Cup, Final Stages;SCOTLAND: League Cup, Final Stages;159
3446;scotland/spfl-reserve-league;scotland-spfl-reserve-league;SPFL Reserve League;SCOTLAND: SPFL Reserve League;159
4559;scotland/lowland-league;scotland-lowland-league;Lowland League;SCOTLAND: Lowland League;159
4558;scotland/highland-league;scotland-highland-league;Highland League;SCOTLAND: Highland League;159
204;serbia/super-liga;serbia-super-liga;Super Liga;SERBIA: Super Liga;204
3344;serbia/super-liga-championship-round;serbia-super-liga-championship-round;Super Liga, Championship round;SERBIA: Super Liga, Championship round;204
3345;serbia/super-liga-relegation-round;serbia-super-liga-relegation-round;Super Liga, Relegation round;SERBIA: Super Liga, Relegation round;204
304;serbia/national-cup;serbia-national-cup;National Cup;SERBIA: National Cup;204
1186;serbia/super-liga-relegation;serbia-super-liga-relegation;Super Liga, Relegation;SERBIA: Super Liga, Relegation;204
4561;serbia/prva-liga;serbia-prva-liga;Prva Liga;SERBIA: Prva Liga;204
921;singapore/premier-league;singapore-premier-league;Premier League;SINGAPORE: Premier League;163
1362;singapore/national-cup;singapore-national-cup;National Cup;SINGAPORE: National Cup;163
3334;slovakia/2-liga-playoffs;slovakia-2-liga-playoffs;2. liga, playoffs;SLOVAKIA: 2. liga, playoffs;164
202;slovakia/super-liga;slovakia-super-liga;Super Liga;SLOVAKIA: Super Liga;164
4177;slovakia/super-liga-championship-round;slovakia-super-liga-championship-round;Super Liga, Championship round;SLOVAKIA: Super Liga, Championship round;164
4178;slovakia/super-liga-relegation-round;slovakia-super-liga-relegation-round;Super Liga, Relegation round;SLOVAKIA: Super Liga, Relegation round;164
302;slovakia/national-cup;slovakia-national-cup;National Cup;SLOVAKIA: National Cup;164
4562;slovakia/3-liga-center;slovakia-3-liga-center;3. Liga, Center;SLOVAKIA: 3. Liga, Center;164
3152;slovakia/2-liga;slovakia-2-liga;2. liga;SLOVAKIA: 2. liga;164
4563;slovakia/3-liga-east;slovakia-3-liga-east;3. Liga, East;SLOVAKIA: 3. Liga, East;164
4564;slovakia/3-liga-west;slovakia-3-liga-west;3. Liga, West;SLOVAKIA: 3. Liga, West;164
4565;slovakia/3-liga-bratislava;slovakia-3-liga-bratislava;3. Liga, Bratislava;SLOVAKIA: 3. Liga, Bratislava;164
203;slovenia/1-snl;slovenia-1-snl;1. SNL;SLOVENIA: 1. SNL;165
4566;slovakia/liga-1-women;slovakia-liga-1-women;Liga 1 - Women;SLOVAKIA: Liga 1 - Women;164
3085;slovenia/1-snl-playoff;slovenia-1-snl-playoff;1. SNL, Playoff;SLOVENIA: 1. SNL, Playoff;165
303;slovenia/national-cup;slovenia-national-cup;National Cup;SLOVENIA: National Cup;165
3111;slovenia/2-snl;slovenia-2-snl;2. SNL;SLOVENIA: 2. SNL;165
2326;south-africa/national-cup;south-africa-national-cup;National cup;SOUTH AFRICA: National cup;168
1217;south-africa/premier-league;south-africa-premier-league;Premier League;SOUTH AFRICA: Premier League;168
2775;south-africa/premier-league-relegation-playoff;south-africa-premier-league-relegation-playoff;Premier League. Relegation playoff;SOUTH AFRICA: Premier League. Relegation playoff;168
3204;south-africa/8-cup;south-africa-8-cup;8 Cup;SOUTH AFRICA: 8 Cup;168
4567;south-africa/division-1;south-africa-division-1;Division 1;SOUTH AFRICA: Division 1;168
85;spain/supercup;spain-supercup;Supercup;SPAIN: Supercup;169
14;spain/la-liga;spain-la-liga;La Liga;SPAIN: La Liga;169
511;spain/national-cup;spain-national-cup;National cup;SPAIN: National cup;169
2327;spain/segunda-division-promotion-playoff;spain-segunda-division-promotion-playoff;Segunda Division, Promotion Playoff;SPAIN: Segunda Division, Promotion Playoff;169
2328;spain/segunda-b-promotion-playoff;spain-segunda-b-promotion-playoff;Segunda B, Promotion Playoff;SPAIN: Segunda B, Promotion Playoff;169
2179;spain/segunda-b-group-1;spain-segunda-b-group-1;Segunda B, Group 1;SPAIN: Segunda B, Group 1;169
73;spain/segunda-division;spain-segunda-division;Segunda Division;SPAIN: Segunda Division;169
3319;denmark/division-2-relegation-round;denmark-division-2-relegation-round;Division 2, Relegation round;DENMARK: Division 2, Relegation round;53
2181;spain/segunda-b-group-3;spain-segunda-b-group-3;Segunda B, Group 3;SPAIN: Segunda B, Group 3;169
2182;spain/segunda-b-group-4;spain-segunda-b-group-4;Segunda B, Group 4;SPAIN: Segunda B, Group 4;169
3200;spain/primera-division-women;spain-primera-division-women;Primera Division - Women;SPAIN: Primera Division - Women;169
3405;spain/tercera-division-group-1;spain-tercera-division-group-1;Tercera Division, Group 1;SPAIN: Tercera Division, Group 1;169
3407;spain/tercera-division-group-3;spain-tercera-division-group-3;Tercera Division, Group 3;SPAIN: Tercera Division, Group 3;169
3406;spain/tercera-division-group-2;spain-tercera-division-group-2;Tercera Division, Group 2;SPAIN: Tercera Division, Group 2;169
3408;spain/tercera-division-group-4;spain-tercera-division-group-4;Tercera Division, Group 4;SPAIN: Tercera Division, Group 4;169
3409;spain/tercera-division-group-5;spain-tercera-division-group-5;Tercera Division, Group 5;SPAIN: Tercera Division, Group 5;169
4568;spain/national-cup-women;spain-national-cup-women;National cup - Women;SPAIN: National cup - Women;169
3410;spain/tercera-division-group-6;spain-tercera-division-group-6;Tercera Division, Group 6;SPAIN: Tercera Division, Group 6;169
3411;spain/tercera-division-group-7;spain-tercera-division-group-7;Tercera Division, Group 7;SPAIN: Tercera Division, Group 7;169
3412;spain/tercera-division-group-8;spain-tercera-division-group-8;Tercera Division, Group 8;SPAIN: Tercera Division, Group 8;169
3423;spain/tercera-division-playoff;spain-tercera-division-playoff;Tercera Division, Playoff;SPAIN: Tercera Division, Playoff;169
3413;spain/tercera-division-group-9;spain-tercera-division-group-9;Tercera Division, Group 9;SPAIN: Tercera Division, Group 9;169
4592;spain/segunda-b-relegation-playoff;spain-segunda-b-relegation-playoff;Segunda B, Relegation Playoff;SPAIN: Segunda B, Relegation Playoff;169
3414;spain/tercera-division-group-10;spain-tercera-division-group-10;Tercera Division, Group 10;SPAIN: Tercera Division, Group 10;169
3416;spain/tercera-division-group-12;spain-tercera-division-group-12;Tercera Division, Group 12;SPAIN: Tercera Division, Group 12;169
3415;spain/tercera-division-group-11;spain-tercera-division-group-11;Tercera Division, Group 11;SPAIN: Tercera Division, Group 11;169
3417;spain/tercera-division-group-13;spain-tercera-division-group-13;Tercera Division, Group 13;SPAIN: Tercera Division, Group 13;169
3418;spain/tercera-division-group-14;spain-tercera-division-group-14;Tercera Division, Group 14;SPAIN: Tercera Division, Group 14;169
3419;spain/tercera-division-group-15;spain-tercera-division-group-15;Tercera Division, Group 15;SPAIN: Tercera Division, Group 15;169
3421;spain/tercera-division-group-17;spain-tercera-division-group-17;Tercera Division, Group 17;SPAIN: Tercera Division, Group 17;169
3420;spain/tercera-division-group-16;spain-tercera-division-group-16;Tercera Division, Group 16;SPAIN: Tercera Division, Group 16;169
3422;spain/tercera-division-group-18;spain-tercera-division-group-18;Tercera Division, Group 18;SPAIN: Tercera Division, Group 18;169
3424;spain/copa-federacion;spain-copa-federacion;Copa Federacion;SPAIN: Copa Federacion;169
1753;sudan/premier-league;sudan-premier-league;Premier League;SUDAN: Premier League;174
3157;sweden/national-cup-women;sweden-national-cup-women;National cup - Women;SWEDEN: National cup - Women;177
214;sweden/allsvenskan;sweden-allsvenskan;Allsvenskan;SWEDEN: Allsvenskan;177
314;sweden/national-cup;sweden-national-cup;National cup;SWEDEN: National cup;177
97;sweden/superettan;sweden-superettan;Superettan;SWEDEN: Superettan;177
3129;sweden/damallsvenskan-women;sweden-damallsvenskan-women;Damallsvenskan - Women;SWEDEN: Damallsvenskan - Women;177
3171;sweden/division-1-norra;sweden-division-1-norra;Division 1, Norra;SWEDEN: Division 1, Norra;177
3170;sweden/division-1-sodra;sweden-division-1-sodra;Division 1, Sodra;SWEDEN: Division 1, Sodra;177
3546;sweden/division-2-norra-gotaland;sweden-division-2-norra-gotaland;Division 2, Norra Gotaland;SWEDEN: Division 2, Norra Gotaland;177
3547;sweden/division-2-norra-svealand;sweden-division-2-norra-svealand;Division 2, Norra Svealand;SWEDEN: Division 2, Norra Svealand;177
3548;sweden/division-2-norrland;sweden-division-2-norrland;Division 2, Norrland;SWEDEN: Division 2, Norrland;177
3550;sweden/division-2-vastra-gotaland;sweden-division-2-vastra-gotaland;Division 2, Vastra Gotaland;SWEDEN: Division 2, Vastra Gotaland;177
4434;norway/3-division-group-3;norway-3-division-group-3;3. Division, Group 3;NORWAY: 3. Division, Group 3;139
3551;sweden/division-2-ostra-gotaland;sweden-division-2-ostra-gotaland;Division 2, Ostra Gotaland;SWEDEN: Division 2, Ostra Gotaland;177
69;switzerland/super-league;switzerland-super-league;Super League;SWITZERLAND: Super League;178
739;switzerland/super-league-playoff;switzerland-super-league-playoff;Super League, Playoff;SWITZERLAND: Super League, Playoff;178
169;switzerland/national-cup;switzerland-national-cup;National Cup;SWITZERLAND: National Cup;178
100;switzerland/challenge-league;switzerland-challenge-league;Challenge League;SWITZERLAND: Challenge League;178
3153;switzerland/1-liga-promotion;switzerland-1-liga-promotion;1. Liga Promotion;SWITZERLAND: 1. Liga Promotion;178
3154;switzerland/nationalliga-a-women;switzerland-nationalliga-a-women;Nationalliga A - Women;SWITZERLAND: Nationalliga A - Women;178
4569;switzerland/1-liga-classic-group-1;switzerland-1-liga-classic-group-1;1. Liga Classic, Group 1;SWITZERLAND: 1. Liga Classic, Group 1;178
4570;switzerland/1-liga-classic-group-2;switzerland-1-liga-classic-group-2;1. Liga Classic, Group 2;SWITZERLAND: 1. Liga Classic, Group 2;178
4545;portugal/league-u23;portugal-league-u23;League U-23;PORTUGAL: League U-23;148
1096;syria/premier-league;syria-premier-league;Premier League;SYRIA: Premier League;179
1746;syria/national-cup;syria-national-cup;National cup;SYRIA: National cup;179
4693;syria/supercup;syria-supercup;Supercup;SYRIA: Supercup;179
1704;thailand/league-1;thailand-league-1;League 1;THAILAND: League 1;183
3203;thailand/fa-cup;thailand-fa-cup;FA Cup;THAILAND: FA Cup;183
4572;tanzainia/ligi-kuu-bara;tanzainia-ligi-kuu-bara;Ligi Kuu Bara;TANZAINIA: Ligi Kuu Bara;182
4571;switzerland/1-liga-classic-group-3;switzerland-1-liga-classic-group-3;1. Liga Classic, Group 3;SWITZERLAND: 1. Liga Classic, Group 3;178
1105;tunisia/ligue-1;tunisia-ligue-1;Ligue 1;TUNISIA: Ligue 1;187
995;turkey/1-lig-promotion-playoff;turkey-1-lig-promotion-playoff;1. Lig, Promotion Playoff;TURKEY: 1. Lig, Promotion Playoff;188
815;turkey/supercup;turkey-supercup;Supercup;TURKEY: Supercup;188
120;russia/national-cup;russia-national-cup;National Cup;RUSSIA: National Cup;152
3549;sweden/division-2-sodra-sveland;sweden-division-2-sodra-sveland;Division 2, Sodra Sveland;SWEDEN: Division 2, Sodra Sveland;177
752;turkey/1-lig;turkey-1-lig;1. Lig;TURKEY: 1. Lig;188
3218;turkey/super-lig-u21;turkey-super-lig-u21;Super Lig U-21;TURKEY: Super Lig U-21;188
1507;turkey/3-lig-group-2;turkey-3-lig-group-2;3. Lig, Group 2;TURKEY: 3. Lig, Group 2;188
1508;turkey/3-lig-group-1;turkey-3-lig-group-1;3. Lig, Group 1;TURKEY: 3. Lig, Group 1;188
1509;turkey/3-lig-group-3;turkey-3-lig-group-3;3. Lig, Group 3;TURKEY: 3. Lig, Group 3;188
1512;turkey/2-lig-kirmizi;turkey-2-lig-kirmizi;2. Lig, Kirmizi;TURKEY: 2. Lig, Kirmizi;188
1513;turkey/2-lig-beyaz;turkey-2-lig-beyaz;2. Lig, Beyaz;TURKEY: 2. Lig, Beyaz;188
4329;turkey/1-lig-u21;turkey-1-lig-u21;1. Lig U-21;TURKEY: 1. Lig U-21;188
3293;turkey/national-cup;turkey-national-cup;National cup;TURKEY: National cup;188
4576;turkmenistan/yokary-liga;turkmenistan-yokary-liga;Yokary Liga;TURKMENISTAN: Yokary Liga;189
4577;uganda/premier-league;uganda-premier-league;Premier League;UGANDA: Premier League;191
126;ukraine/premier-league;ukraine-premier-league;Premier League;UKRAINE: Premier League;192
3578;ukraine/youth-league-championship-round;ukraine-youth-league-championship-round;Youth League, Championship Round;UKRAINE: Youth League, Championship Round;192
3579;ukraine/youth-league-lower-round;ukraine-youth-league-lower-round;Youth League, Lower Round;UKRAINE: Youth League, Lower Round;192
1628;turkey/2-lig-promotion-playoff;turkey-2-lig-promotion-playoff;2. Lig, Promotion Playoff;TURKEY: 2. Lig, Promotion Playoff;188
127;ukraine/supercup;ukraine-supercup;Supercup;UKRAINE: Supercup;192
3581;ukraine/premier-league-relegation-round;ukraine-premier-league-relegation-round;Premier League, Relegation Round;UKRAINE: Premier League, Relegation Round;192
3580;ukraine/premier-league-championship-round;ukraine-premier-league-championship-round;Premier League, Championship Round;UKRAINE: Premier League, Championship Round;192
4066;tunisie/ligue-2;tunisie-ligue-2;Ligue 2;TUNISIE: Ligue 2;187
4277;ukraine/premier-league-playoffs;ukraine-premier-league-playoffs;Premier League, Playoffs;UKRAINE: Premier League, Playoffs;192
821;ukraine/national-cup;ukraine-national-cup;National Cup;UKRAINE: National Cup;192
1709;ukraine/persha-liga;ukraine-persha-liga;Persha Liga;UKRAINE: Persha Liga;192
2574;ukraine/youth-league;ukraine-youth-league;Youth League;UKRAINE: Youth League;192
1218;uae/premier-league;uae-premier-league;Premier League;UAE: Premier League;193
3112;ukraine/2-liga;ukraine-2-liga;2 Liga;UKRAINE: 2 Liga;192
3309;uae/league-cup-playoffs;uae-league-cup-playoffs;League Cup, Playoffs;UAE: League Cup, Playoffs;193
1452;uae/supercup;uae-supercup;Supercup;UAE: Supercup;193
17;turkey/super-lig;turkey-super-lig;Super Lig;TURKEY: Super Lig;188
3232;uae/premier-league-u21;uae-premier-league-u21;Premier League U-21;UAE: Premier League U-21;193
3236;uae/league-cup-group-stage;uae-league-cup-group-stage;League Cup, Group stage;UAE: League Cup, Group stage;193
3205;tunisia/national-cup;tunisia-national-cup;National cup;TUNISIA: National cup;187
1197;usa/us-open-cup;usa-us-open-cup;US Open Cup;USA: US Open Cup;194
4442;usa/usl-league-one;usa-usl-league-one;USL League One;USA: USL League One;194
125;usa/major-league-soccer;usa-major-league-soccer;Major League Soccer;USA: Major League Soccer;194
928;uruguay/apertura;uruguay-apertura; Apertura;URUGUAY:  Apertura;195
1557;uae/presidents-cup;uae-presidents-cup;Presidents Cup;UAE: Presidents Cup;193
1191;uruguay/primera-division-playoffs;uruguay-primera-division-playoffs;Primera Division: Playoffs;URUGUAY: Primera Division: Playoffs;195
962;uruguay/clausura;uruguay-clausura; Clausura;URUGUAY:  Clausura;195
3365;uruguay/primera-division-intermediate-round;uruguay-primera-division-intermediate-round;Primera Division, Intermediate Round;URUGUAY: Primera Division, Intermediate Round;195
4672;uruguay/segunda-division;uruguay-segunda-division;Segunda Division;URUGUAY: Segunda Division;195
4606;uzbekistan/league-cup;uzbekistan-league-cup;League cup;UZBEKISTAN: League cup;197
1751;uzbekistan/national-cup;uzbekistan-national-cup;National cup;UZBEKISTAN: National cup;197
4439;uzbekistan/pro-league-a;uzbekistan-pro-league-a;Pro League A;UZBEKISTAN: Pro League A;197
1209;venezuela/apertura;venezuela-apertura;Apertura;VENEZUELA: Apertura;199
1310;venezuela/clausura;venezuela-clausura;Clausura;VENEZUELA: Clausura;199
1376;vietnam/vleague;vietnam-vleague;V-League;VIETNAM: V-League;200
4171;vietnam/supercup;vietnam-supercup;Supercup;VIETNAM: Supercup;200
3206;vietnam/national-cup;vietnam-national-cup;National cup;VIETNAM: National cup;200
2334;wales/premier-league-championship-round;wales-premier-league-championship-round;Premier League, Championship Round;WALES: Premier League, Championship Round;202
903;wales/premier-league;wales-premier-league;Premier League;WALES: Premier League;202
2335;wales/premier-league-relegation-round;wales-premier-league-relegation-round;Premier League, Relegation Round;WALES: Premier League, Relegation Round;202
993;wales/fa-cup;wales-fa-cup;FA Cup;WALES: FA Cup;202
2336;wales/premier-league-final-stages;wales-premier-league-final-stages;Premier League, Final Stages;WALES: Premier League, Final Stages;202
1435;wales/league-cup;wales-league-cup;League cup;WALES: League cup;202
3476;wales/faw-championship-north;wales-faw-championship-north;FAW Championship, North;WALES: FAW Championship, North;202
3477;wales/faw-championship-south;wales-faw-championship-south;FAW Championship, South;WALES: FAW Championship, South;202
1377;uzbekistan/pfl;uzbekistan-pfl;PFL;UZBEKISTAN: PFL;197
4578;zambia/super-league;zambia-super-league;Super League;ZAMBIA: Super League;206
4405;usa/usl-championship;usa-usl-championship;USL Championship;USA: USL Championship;194
4579;zimbabwe/premier-league;zimbabwe-premier-league;Premier League;ZIMBABWE: Premier League;207
3162;usa/nwsl-women;usa-nwsl-women;NWSL - Women;USA: NWSL - Women;194
1642;turkey/3-lig-promotion-playoff;turkey-3-lig-promotion-playoff;3. Lig, Promotion Playoff;TURKEY: 3. Lig, Promotion Playoff;188
2180;spain/segunda-b-group-2;spain-segunda-b-group-2;Segunda B, Group 2;SPAIN: Segunda B, Group 2;169
